Recall,NFS,SU,MacroF1
-0.9589380689087481,0.25757575757575757,-0.46634427153003044,-0.9619572692851259
-0.9589380689087481,0.25757575757575757,-0.46634427153003044,-0.9619572692851259
-0.9585312782161192,0.2803030303030303,-0.5019577549837333,-0.9617162040549299
-0.958090987113509,0.22727272727272727,-0.4327860018903134,-0.9526363401365738
-0.9577192920884794,0.3484848484848485,-0.6278113534995189,-0.9519957543178621
-0.957527861174301,0.2803030303030303,-0.5287959481787772,-0.9527904124860647
-0.957527861174301,0.2803030303030303,-0.5287959481787772,-0.9527904124860647
-0.9574130026257941,0.1893939393939394,-0.3760335413642273,-0.9471337948374396
-0.9574066215953214,0.29545454545454547,-0.549271933449103,-0.9527798226023563
-0.9572518816063607,0.2727272727272727,-0.5019488917061011,-0.9595329467332298
-0.9571210704816722,0.3484848484848485,-0.6199824588376835,-0.9525517575940063
-0.9570429028583826,0.38636363636363635,-0.6434090297393845,-0.9527479189758161
-0.9570429028583826,0.38636363636363635,-0.6434090297393845,-0.9527479189758161
-0.9570429028583826,0.38636363636363635,-0.6434090297393845,-0.9527479189758161
-0.9570429028583826,0.38636363636363635,-0.6434090297393845,-0.9527479189758161
-0.9570429028583826,0.38636363636363635,-0.6434090297393845,-0.9527479189758161
-0.9570429028583826,0.38636363636363635,-0.6434090297393845,-0.9527479189758161
-0.9569487826589116,0.3106060606060606,-0.5744985216651838,-0.9517254753411741
-0.9568769960660948,0.21212121212121213,-0.3947779660016557,-0.9462852999003712
-0.9568769960660948,0.21212121212121213,-0.3947779660016557,-0.9462852999003712
-0.9568099952461323,0.21212121212121213,-0.4103275824429703,-0.9597030614702424
-0.956567516088173,0.24242424242424243,-0.4572452662612158,-0.9596825601412724
-0.9564127760992123,0.2727272727272727,-0.5212865482942648,-0.9508682892354394
-0.9563601325978133,0.2196969696969697,-0.42197560046116694,-0.9592502868800205
-0.9562388930188337,0.32575757575757575,-0.5619704874976241,-0.9592399313769207
-0.9562388930188337,0.32575757575757575,-0.5619704874976241,-0.9592399313769207
-0.9561878447750527,0.20454545454545456,-0.4102409855175521,-0.9584078092014545
-0.9559964138608744,0.22727272727272727,-0.4322144617415447,-0.9592191583188152
-0.9559964138608744,0.3106060606060606,-0.5501443206031993,-0.9592191583188152
-0.9559964138608744,0.3106060606060606,-0.5501443206031993,-0.9592191583188152
-0.9557906256281327,0.2803030303030303,-0.5289686141742311,-0.9496008664161618
-0.955281738447942,0.2803030303030303,-0.531397637606209,-0.9477438163719267
-0.9552083565975069,0.3712121212121212,-0.6335532228874283,-0.9513665313549831
-0.9548558046638952,0.3333333333333333,-0.594358756479195,-0.9491122127009071
-0.9542831071789784,0.20454545454545456,-0.41031883315766365,-0.9578274379602436
-0.9542831071789784,0.20454545454545456,-0.41031883315766365,-0.9578274379602436
-0.9541219861595449,0.26515151515151514,-0.489825805062753,-0.9547281707121296
-0.9541187956443087,0.29545454545454547,-0.5403064181394011,-0.9576061394058784
-0.9538938643201491,0.3333333333333333,-0.6111140509321633,-0.949627498530823
-0.9538332445306592,0.3106060606060606,-0.5643120792319757,-0.9573739695512138
-0.9538332445306592,0.3106060606060606,-0.5643120792319757,-0.9573739695512138
-0.9534360253837393,0.3560606060606061,-0.6394881602231265,-0.948576627495034
-0.9532541660152698,0.1893939393939394,-0.3768724190568031,-0.9409752130277393
-0.9532541660152698,0.1893939393939394,-0.3768724190568031,-0.9409752130277393
-0.9532541660152698,0.1893939393939394,-0.3768724190568031,-0.9409752130277393
-0.9532541660152698,0.1893939393939394,-0.3768724190568031,-0.9409752130277393
-0.9532541660152698,0.1893939393939394,-0.3768724190568031,-0.9409752130277393
-0.9528824709902401,0.3787878787878788,-0.632598628310238,-0.9556393436679
-0.952837803776932,0.2878787878787879,-0.5374457665546781,-0.949124056402222
-0.9526447776051354,0.3787878787878788,-0.6709397848025249,-0.9436969088545035
-0.9522268201091795,0.4015151515151515,-0.6725199995612443,-0.9456517790894952
-0.9520976042421091,0.32575757575757575,-0.6007384489101001,-0.9450396889968433
-0.9517083613832797,0.25,-0.48712340908738666,-0.9522564511910239
-0.9517083613832797,0.25,-0.48712340908738666,-0.9522564511910239
-0.9516317890176085,0.4318181818181818,-0.7035048921806188,-0.9433992859605633
-0.9516317890176085,0.4318181818181818,-0.7035048921806188,-0.9433992859605633
-0.9513031659482689,0.45454545454545453,-0.7268965602839751,-0.9429690762264084
-0.9511117350340907,0.42424242424242425,-0.6746217496707531,-0.9437461713657426
-0.9510367579260375,0.3712121212121212,-0.6349697746936441,-0.9564959445408268
-0.9500748175822913,0.44696969696969696,-0.7152696214068909,-0.9416550110317472
-0.9500349361418375,0.2196969696969697,-0.4349405951036702,-0.9539314868253308
-0.9500349361418375,0.2196969696969697,-0.4349405951036702,-0.9539314868253308
-0.9499998404742382,0.3560606060606061,-0.6162298192460715,-0.9543380864951776
-0.9497972427567328,0.42424242424242425,-0.6936490853286627,-0.942023764926009
-0.9494686196873934,0.4318181818181818,-0.7036366044233207,-0.9415935672514619
-0.948714062834007,0.29545454545454547,-0.5562587765275203,-0.942508688779474
-0.9485529418145737,0.4015151515151515,-0.6920371291750943,-0.9395205869867296
-0.9480743645291279,0.36363636363636365,-0.6487906940433871,-0.9490535652215784
-0.9476213113655725,0.21212121212121213,-0.42320598016005545,-0.9514414273186202
-0.9476213113655725,0.21212121212121213,-0.42320598016005545,-0.9514414273186202
-0.9474889049832658,0.4166666666666667,-0.7036640680521785,-0.9384233186336347
-0.9474219041633034,0.23484848484848486,-0.44554988498807163,-0.9516245643000198
-0.9471682582020171,0.22727272727272727,-0.44922871189259367,-0.9385866428717702
-0.9460946498250002,0.26515151515151514,-0.5052140200167563,-0.945824328508393
-0.9460946498250002,0.26515151515151514,-0.5052140200167563,-0.945824328508393
-0.9460595541574008,0.3787878787878788,-0.6708228200923565,-0.9462218306889267
-0.945778788816606,0.32575757575757575,-0.5887367348204872,-0.9494187874413518
-0.945716573769498,0.2727272727272727,-0.5220270782923939,-0.9508341309995898
-0.945716573769498,0.2727272727272727,-0.5220270782923939,-0.9508341309995898
-0.945716573769498,0.2727272727272727,-0.5220270782923939,-0.9508341309995898
-0.945716573769498,0.2727272727272727,-0.5220270782923939,-0.9508341309995898
-0.945716573769498,0.2727272727272727,-0.5220270782923939,-0.9508341309995898
-0.9450976138136549,0.2878787878787879,-0.5438795142151533,-0.9467201689004892
-0.9450976138136549,0.2878787878787879,-0.5438795142151533,-0.9467201689004892
-0.9450976138136549,0.2878787878787879,-0.5438795142151533,-0.9467201689004892
-0.9449731837194388,0.3333333333333333,-0.6129420088225803,-0.9495345928173187
-0.9446621084838991,0.3181818181818182,-0.5911587556093646,-0.9412806308868831
-0.9441723643951261,0.42424242424242425,-0.716869770945141,-0.9378675218106143
-0.9412530429539067,0.4318181818181818,-0.7173123445155216,-0.9308892706652795
-0.9411557322391992,0.2878787878787879,-0.5415749660502576,-0.9476873650252333
-0.9401810298345079,0.4090909090909091,-0.6924180374609388,-0.9292135047859944
-0.9329082503533496,0.44696969696969696,-0.7393444705644912,-0.9196881079516488
-0.9294959943081208,0.3106060606060606,-0.5782909025764897,-0.9266924359919201
-0.9291242992830913,0.3939393939393939,-0.6876059605740873,-0.926064526535952
-0.9289711545517486,0.20454545454545456,-0.41194514605975163,-0.9384992062781646
-0.9288642722913323,0.3333333333333333,-0.6136724672371092,-0.9335699512236606
-0.9288387481694419,0.45454545454545453,-0.7343984683550314,-0.9258326312414724
-0.9285531970557925,0.44696969696969696,-0.7237782899366617,-0.9256006756889328
-0.925436063669922,0.4621212121212121,-0.7506247757173846,-0.9103922258740927
-0.922344454405942,0.3106060606060606,-0.5783372248766387,-0.9316083530132557
-0.9195096816184846,0.3484848484848485,-0.6396038460709104,-0.9191029437821145
-0.9154290126312499,0.21212121212121213,-0.4236797610033664,-0.9271596101645837
-0.9154290126312499,0.21212121212121213,-0.4236797610033664,-0.9271596101645837
-0.9154290126312499,0.21212121212121213,-0.4236797610033664,-0.9271596101645837
-0.9151402710023642,0.4015151515151515,-0.7042387072421923,-0.9011087955705553
-0.9118955170070415,0.32575757575757575,-0.6017625848352633,-0.9194890457200215
-0.9098807066353145,0.3787878787878788,-0.6800295505707152,-0.9026559454191033
-0.9094691301698311,0.1893939393939394,-0.3773228517279605,-0.8853871011934982
-0.9094691301698311,0.1893939393939394,-0.3773228517279605,-0.8853871011934982
-0.9094691301698311,0.1893939393939394,-0.3773228517279605,-0.8853871011934982
-0.9094691301698311,0.1893939393939394,-0.3773228517279605,-0.8853871011934982
-0.9094691301698311,0.1893939393939394,-0.3773228517279605,-0.8853871011934982
-0.9056979411605179,0.23484848484848486,-0.44985948591362596,-0.8811963513409784
-0.9036209157416831,0.3409090909090909,-0.6278642761019038,-0.9073492071341724
-0.9036209157416831,0.3409090909090909,-0.6278642761019038,-0.9073492071341724
-0.8986931649592094,0.3787878787878788,-0.6717612100391559,-0.9065144564811642
-0.8986931649592094,0.3787878787878788,-0.6717612100391559,-0.9065144564811642
-0.8889652840037137,0.36363636363636365,-0.6543900085302319,-0.8862785102872877
-0.8889652840037137,0.36363636363636365,-0.6543900085302319,-0.8862785102872877
-0.8882809184855263,0.38636363636363635,-0.6817385117707271,-0.8996381560009561
\,n
-0.957089165329309,0.3181818181818182,-0.5767117831483028,-0.9501207178972728
-0.9570189739941103,0.3333333333333333,-0.5770114538728227,-0.9509222739364012
-0.9544218945917576,0.25,-0.40537094843706784,-0.9498786171767672
-0.9536816950569348,0.3106060606060606,-0.5627444255981301,-0.945791324221124
-0.9528728994445312,0.26515151515151514,-0.4170946748467144,-0.9487243638095255
-0.9513430473887228,0.45454545454545453,-0.6599898364676504,-0.9459654021276405
-0.9513430473887228,0.45454545454545453,-0.6599898364676504,-0.9459654021276405
-0.9508883989675493,0.30303030303030304,-0.5442649363838316,-0.942133288023848
-0.9502391291169612,0.3787878787878788,-0.6763846197736869,-0.9418699235908048
-0.9494383097926484,0.1893939393939394,-0.36925627733372357,-0.945374120049316
-0.9491559491942354,0.20454545454545456,-0.37118116013553715,-0.9423555049096142
-0.9486869434544984,0.4318181818181818,-0.6481096049442585,-0.9435006092236365
-0.9486869434544984,0.4318181818181818,-0.6481096049442585,-0.9435006092236365
-0.9480249115429651,0.26515151515151514,-0.4975842714693965,-0.9392683595915661
-0.9479898158753657,0.4166666666666667,-0.6862796910034052,-0.9396596545258165
-0.9474155231328307,0.19696969696969696,-0.38053784706163335,-0.9419756719024872
-0.946332343210105,0.21212121212121213,-0.3835925801803739,-0.9424560375724689
-0.9459271477750941,0.18181818181818182,-0.3039404952814287,-0.9484228908458361
-0.9459223620022397,0.17424242424242425,-0.3278476902272798,-0.9450044297343831
-0.9455682148110098,0.49242424242424243,-0.7212383395311034,-0.936644565355383
-0.9449348975366032,0.4772727272727273,-0.7438218847212991,-0.9375582890545904
-0.9449348975366032,0.4772727272727273,-0.7438218847212991,-0.9375582890545904
-0.9449348975366032,0.4772727272727273,-0.7438218847212991,-0.9375582890545904
-0.9448216342457143,0.25757575757575757,-0.48058399008950176,-0.938136347799156
-0.9442967944893421,0.5075757575757576,-0.7440415210127285,-0.9351328394338081
-0.9442967944893421,0.5075757575757576,-0.7440415210127285,-0.9351328394338081
-0.9423410086494868,0.5151515151515151,-0.7440891280554698,-0.933740406134177
-0.9422165785552709,0.2878787878787879,-0.527449675411687,-0.936466767806982
-0.9398651688261137,0.4393939393939394,-0.7091059083041364,-0.9326725830519123
-0.9394456160725395,0.25,-0.4777238608501088,-0.9285468964276475
-0.9393849962830498,0.30303030303030304,-0.5452383290415536,-0.9359368646518793
-0.9384437942883397,0.2727272727272727,-0.5090062536223214,-0.9261118599168624
-0.9379365023657671,0.48484848484848486,-0.7558612921162506,-0.9303031311414449
-0.9372936135456515,0.3484848484848485,-0.6156491350521419,-0.9246279330981589
-0.9371978980885622,0.29545454545454547,-0.5418865752847666,-0.9323485979022985
-0.9371978980885622,0.29545454545454547,-0.5418865752847666,-0.9323485979022985
-0.9370718727367282,0.4772727272727273,-0.7539974613951581,-0.9290354697219729
-0.9370718727367282,0.4772727272727273,-0.7539974613951581,-0.9290354697219729
-0.9363364589747598,0.2878787878787879,-0.4882189093920004,-0.943278051818977
-0.9356504981989542,0.38636363636363635,-0.6846592843710186,-0.9225109032367531
-0.9354782103761936,0.36363636363636365,-0.6504999586678383,-0.9217240153223266
-0.9348720124812956,0.4015151515151515,-0.7051352696413445,-0.9216501882310661
-0.9348720124812956,0.4015151515151515,-0.7051352696413445,-0.9216501882310661
-0.9347268440380436,0.2727272727272727,-0.502689493254825,-0.9345687556092221
-0.9345162700324476,0.4318181818181818,-0.7201618894265951,-0.9221803458721408
-0.9336947123590988,0.4696969696969697,-0.753205911013972,-0.9211222555678409
-0.9336947123590988,0.4696969696969697,-0.753205911013972,-0.9211222555678409
-0.9328492258214779,0.3712121212121212,-0.6582695843191595,-0.9183472011393237
-0.9320850974223827,0.3560606060606061,-0.6450942772059283,-0.9272383380982032
-0.9320850974223827,0.3560606060606061,-0.6450942772059283,-0.9272383380982032
-0.9318011415663516,0.2803030303030303,-0.5203338355610496,-0.9184059462987284
-0.9314374228294127,0.45454545454545453,-0.7525102995156311,-0.9183596338660859
-0.9314374228294127,0.45454545454545453,-0.7525102995156311,-0.9183596338660859
-0.9309843696658573,0.3106060606060606,-0.568311718492944,-0.9205845406294146
-0.9309700123472939,0.16666666666666666,-0.25256581637182013,-0.9401707268370607
-0.930960440801585,0.44696969696969696,-0.7436627923690777,-0.9188686749968166
-0.930960440801585,0.44696969696969696,-0.7436627923690777,-0.9188686749968166
-0.9308854636935319,0.3712121212121212,-0.6614280458597008,-0.9163899971380192
-0.9306350082474819,0.4696969696969697,-0.7762707625624151,-0.9157891766881674
-0.930354242906687,0.2878787878787879,-0.5405678642365501,-0.9187897048102053
-0.930354242906687,0.2878787878787879,-0.5405678642365501,-0.9187897048102053
-0.9301931218872536,0.23484848484848486,-0.4476143361124005,-0.9304539806078123
-0.9298134505741332,0.19696969696969696,-0.38780573979976424,-0.9292405984122465
-0.9296284006904274,0.2878787878787879,-0.5318116571017594,-0.9246016975365274
-0.9288515102303871,0.1893939393939394,-0.3724424686387136,-0.9296841813101542
-0.9288515102303871,0.1893939393939394,-0.3724424686387136,-0.9296841813101542
-0.9288515102303871,0.1893939393939394,-0.3724424686387136,-0.9296841813101542
-0.9288515102303871,0.1893939393939394,-0.3724424686387136,-0.9296841813101542
-0.9279661422523123,0.3560606060606061,-0.6451468036936604,-0.9239868891828504
-0.9275848756815739,0.29545454545454547,-0.5488005356763153,-0.9169028099661674
-0.9274540645568853,0.2196969696969697,-0.422994936457642,-0.9248697007146311
-0.9266181495649732,0.30303030303030304,-0.5625999902855197,-0.9141273686340405
-0.926469790606485,0.30303030303030304,-0.5515534370166106,-0.9150501094910982
-0.9261156434152551,0.4393939393939394,-0.7314561353019636,-0.9214355037027563
-0.9261156434152551,0.4393939393939394,-0.7314561353019636,-0.9214355037027563
-0.924443813431431,0.2878787878787879,-0.543227423949291,-0.9143905424178058
-0.9240816899521104,0.3939393939393939,-0.692875237325763,-0.9058983052073986
-0.9240816899521104,0.3939393939393939,-0.692875237325763,-0.9058983052073986
-0.9218483292866966,0.26515151515151514,-0.5067766017156778,-0.9190934811862046
-0.9218483292866966,0.26515151515151514,-0.5067766017156778,-0.9190934811862046
-0.9199547584939491,0.23484848484848486,-0.45854908588326465,-0.9163510200150338
-0.9183706676791235,0.2727272727272727,-0.5183680164595861,-0.915536986232413
-0.9115684891953202,0.3409090909090909,-0.5967368249711004,-0.9106709189788458
-0.9095361309897936,0.16666666666666666,-0.3092172336926254,-0.9151230628207214
-0.9089825765962946,0.22727272727272727,-0.4445199878773624,-0.9074470434826712
-0.9089825765962946,0.22727272727272727,-0.4445199878773624,-0.9074470434826712
-0.9089825765962946,0.22727272727272727,-0.4445199878773624,-0.9074470434826712
-0.9089825765962946,0.22727272727272727,-0.4445199878773624,-0.9074470434826712
-0.9053310319083429,0.1590909090909091,-0.2682186184484758,-0.911353550295858
-0.9053310319083429,0.1590909090909091,-0.2682186184484758,-0.911353550295858
-0.9053310319083429,0.1590909090909091,-0.2682186184484758,-0.911353550295858
-0.9042510425008534,0.18181818181818182,-0.36014094159038135,-0.9091198003758632
-0.9042510425008534,0.18181818181818182,-0.36014094159038135,-0.9091198003758632
-0.9003107561840162,0.24242424242424243,-0.4586580321273214,-0.9014276948551445
-0.9003107561840162,0.24242424242424243,-0.4586580321273214,-0.9014276948551445
-0.9003107561840162,0.24242424242424243,-0.4586580321273214,-0.9014276948551445
-0.8988957626767147,0.45454545454545453,-0.7665190671752752,-0.8902131952094675
-0.8988957626767147,0.45454545454545453,-0.7665190671752752,-0.8902131952094675
-0.8986245688816287,0.24242424242424243,-0.4678529468074326,-0.8991079723282013
-0.8984427095131593,0.38636363636363635,-0.688067222298361,-0.8786630392957971
-0.8955074354957582,0.3484848484848485,-0.6175432740088538,-0.8980998284423014
-0.8822221300517821,0.3484848484848485,-0.6262715490278838,-0.8693946017754752
-0.8812777375418357,0.3106060606060606,-0.57449409804865,-0.876097844394516
-0.8699226938158243,0.48484848484848486,-0.8017660814800895,-0.868307163313073
-0.8699226938158243,0.48484848484848486,-0.8017660814800895,-0.868307163313073
-0.8631795398638926,0.3484848484848485,-0.6295692551910745,-0.8643676467299903
-0.8613912560739434,0.4772727272727273,-0.7891618844001737,-0.8607776084033689
-0.8600416681289862,0.4621212121212121,-0.77806603875287,-0.8594302949363047
-0.8554967791748689,0.4166666666666667,-0.7373486504965409,-0.8447290002914976
-0.8554967791748689,0.4166666666666667,-0.7373486504965409,-0.8447290002914976
-0.830162492940985,0.2803030303030303,-0.5249165333071681,-0.839378011558186
-0.830162492940985,0.2803030303030303,-0.5249165333071681,-0.839378011558186
-0.8210392146227694,0.38636363636363635,-0.6897082087724771,-0.8167511600709578
-0.8061442942420771,0.3409090909090909,-0.6150135914180013,-0.805847065077075
-0.7958086201340655,0.4015151515151515,-0.7130621003516621,-0.7940386111423001
-0.7808817946010101,0.3939393939393939,-0.70118186882827,-0.781153833220398
-0.7808817946010101,0.3939393939393939,-0.70118186882827,-0.781153833220398
-0.7808817946010101,0.3939393939393939,-0.70118186882827,-0.781153833220398
-0.7808817946010101,0.3939393939393939,-0.70118186882827,-0.781153833220398
-0.7667876935446305,0.3106060606060606,-0.57660216505356,-0.7761857287087184
\,n
-0.9588423534516589,0.32575757575757575,-0.5868660115689616,-0.9545310163729552
-0.9583143231800504,0.30303030303030304,-0.5587932586200489,-0.9542822718608515
-0.9580287720664009,0.29545454545454547,-0.5467538512250973,-0.9540540455035993
-0.9573890737615218,0.22727272727272727,-0.4053126558379031,-0.9607900537386204
-0.9570604506921823,0.25,-0.4350138780950974,-0.9603468978815048
-0.9569902593569836,0.22727272727272727,-0.42715993416131554,-0.9611734478015674
-0.9567748995785329,0.25757575757575757,-0.44563405651346694,-0.9601152131373079
-0.956671207833353,0.3409090909090909,-0.6152245919088837,-0.9521062341911332
-0.956411180841594,0.21212121212121213,-0.40340501242279647,-0.9600845329268164
-0.9561782732293438,0.3333333333333333,-0.598518064317348,-0.9514542920847269
-0.9561431775617444,0.42424242424242425,-0.6652800437023481,-0.9518563702772467
-0.9561431775617444,0.42424242424242425,-0.6652800437023481,-0.9518563702772467
-0.9559629134508931,0.3484848484848485,-0.6217659871842729,-0.9504236583687918
-0.9558576264480951,0.4090909090909091,-0.6521642026043817,-0.9516280203890868
-0.9557124580048433,0.3106060606060606,-0.572648166145744,-0.9497954179174055
-0.9555720753344458,0.4015151515151515,-0.6638899985592727,-0.9513996143933765
-0.9553200246307776,0.2196969696969697,-0.4155522923149901,-0.9599913889002165
-0.9553200246307776,0.2196969696969697,-0.4155522923149901,-0.9599913889002165
-0.9553200246307776,0.2196969696969697,-0.4155522923149901,-0.9599913889002165
-0.9553200246307776,0.2196969696969697,-0.4155522923149901,-0.9599913889002165
-0.9552466427803425,0.2803030303030303,-0.5246764477346739,-0.9481422871986342
-0.9552466427803425,0.2803030303030303,-0.5246764477346739,-0.9481422871986342
-0.9552274996889247,0.3181818181818182,-0.5822714782628602,-0.9497511591455392
-0.9544298708798484,0.2727272727272727,-0.5134304591558323,-0.9504854276786361
-0.9538587686525497,0.4318181818181818,-0.69048788428705,-0.9500279955207167
-0.9538587686525497,0.4318181818181818,-0.69048788428705,-0.9500279955207167
-0.9538587686525497,0.4318181818181818,-0.69048788428705,-0.9500279955207167
-0.9532621423033606,0.25757575757575757,-0.4901664646449225,-0.9569094389550858
-0.9526990163641527,0.4393939393939394,-0.6590808147811613,-0.9570641708835251
-0.952504394934738,0.2878787878787879,-0.5408903504577922,-0.9452789168523447
-0.9523751790676677,0.4166666666666667,-0.6846357557401543,-0.9446674265334856
-0.9518902207517492,0.3484848484848485,-0.626757302362398,-0.9446202180701941
-0.9515520261367008,0.23484848484848486,-0.4430479067880117,-0.9526487162559665
-0.9509394472113302,0.30303030303030304,-0.5645967488756092,-0.942933047887532
-0.950802255056169,0.3712121212121212,-0.6608050023358515,-0.9417278648339293
-0.950802255056169,0.3712121212121212,-0.6608050023358515,-0.9417278648339293
-0.9504273695159031,0.2803030303030303,-0.5310678427159128,-0.9438771433046622
-0.9503412256045228,0.29545454545454547,-0.5512973252778329,-0.9434701469502424
-0.9501880808731802,0.36363636363636365,-0.6579214945489693,-0.9410717780472418
-0.9501210800532178,0.3939393939393939,-0.6423891506744518,-0.9543499409591736
-0.950050888718019,0.19696969696969696,-0.36059284458035445,-0.9551648053658407
-0.94989455347144,0.3787878787878788,-0.6726311692302763,-0.9402504646525354
-0.9498131953329143,0.2878787878787879,-0.5414415184258766,-0.9432178057306311
-0.9498131953329143,0.2878787878787879,-0.5414415184258766,-0.9432178057306311
-0.9498131953329143,0.2878787878787879,-0.5414415184258766,-0.9432178057306311
-0.9498131953329143,0.2878787878787879,-0.5414415184258766,-0.9432178057306311
-0.9498131953329143,0.2878787878787879,-0.5414415184258766,-0.9432178057306311
-0.9486981102578256,0.3333333333333333,-0.6054232735998204,-0.9413162471832228
-0.9484540358422482,0.2727272727272727,-0.5136410784596155,-0.9503075740099962
-0.9482051756538163,0.4393939393939394,-0.7203910416224786,-0.9406708703426944
-0.9480951028781638,0.21212121212121213,-0.4039204572198192,-0.9537382113327222
-0.9475399532270466,0.3181818181818182,-0.5878675163537275,-0.9392176007128187
-0.9475399532270466,0.3181818181818182,-0.5878675163537275,-0.9392176007128187
-0.9474346662242485,0.3409090909090909,-0.6216140441573613,-0.9403921927531077
-0.9471921870662894,0.4318181818181818,-0.7085108100990865,-0.9403665471749617
-0.94715709139869,0.4393939393939394,-0.7197066750009856,-0.9407586797810493
-0.9470869000634913,0.22727272727272727,-0.4307475169036576,-0.9415439445511704
-0.9470869000634913,0.22727272727272727,-0.4307475169036576,-0.9415439445511704
-0.9470869000634913,0.22727272727272727,-0.4307475169036576,-0.9415439445511704
-0.9470869000634913,0.22727272727272727,-0.4307475169036576,-0.9415439445511704
-0.9470869000634913,0.22727272727272727,-0.4307475169036576,-0.9415439445511704
-0.9470869000634913,0.22727272727272727,-0.4307475169036576,-0.9415439445511704
-0.9470869000634913,0.22727272727272727,-0.4307475169036576,-0.9415439445511704
-0.9469927798640203,0.44696969696969696,-0.7305383509520463,-0.9405432551437716
-0.9469927798640203,0.44696969696969696,-0.7305383509520463,-0.9405432551437716
-0.9469927798640203,0.44696969696969696,-0.7305383509520463,-0.9405432551437716
-0.9469927798640203,0.44696969696969696,-0.7305383509520463,-0.9405432551437716
-0.9469225885288215,0.24242424242424243,-0.4546967704414306,-0.9413281441662759
-0.9466162990661362,0.38636363636363635,-0.693175897122214,-0.9365605538049278
-0.9464248681519578,0.4090909090909091,-0.720209624363717,-0.9373262715047705
-0.945967029215548,0.3939393939393939,-0.6965715437762261,-0.9362948926838026
-0.945549071719592,0.45454545454545453,-0.7418186561049398,-0.9382159734495062
-0.9448024911542965,0.24242424242424243,-0.4566814892009928,-0.9397124599882865
-0.9448024911542965,0.24242424242424243,-0.4566814892009928,-0.9397124599882865
-0.9436555009268446,0.19696969696969696,-0.36110828937737716,-0.9506104062780394
-0.9436555009268446,0.19696969696969696,-0.36110828937737716,-0.9506104062780394
-0.9429248729377306,0.3939393939393939,-0.6839135665882781,-0.9381207739086637
-0.9366587010136267,0.25,-0.4777292435228647,-0.9342304590964409
-0.9364640795842121,0.2196969696969697,-0.41907207945154273,-0.9377360994382271
-0.9364640795842121,0.2196969696969697,-0.41907207945154273,-0.9377360994382271
-0.9364640795842121,0.2196969696969697,-0.41907207945154273,-0.9377360994382271
-0.9364640795842121,0.2196969696969697,-0.41907207945154273,-0.9377360994382271
-0.9364640795842121,0.2196969696969697,-0.41907207945154273,-0.9377360994382271
-0.9282564791388161,0.25,-0.4819625253718285,-0.9274783041936647
-0.9246145059965734,0.23484848484848486,-0.44700405061260456,-0.9236887247557979
-0.9238727112041323,0.45454545454545453,-0.7666879875359145,-0.9139330696453979
-0.9206088141173918,0.26515151515151514,-0.5108573548512362,-0.9198444414772083
-0.9197027077902811,0.4696969696969697,-0.7770636046730736,-0.9099527500690596
-0.9197027077902811,0.4696969696969697,-0.7770636046730736,-0.9099527500690596
-0.9193453700838148,0.32575757575757575,-0.6036145096239974,-0.9046889654367622
-0.9181967845987449,0.4621212121212121,-0.7784398758020334,-0.9089797957067571
-0.9141863069467089,0.2196969696969697,-0.4226594716182669,-0.9161480136958047
-0.9141863069467089,0.2196969696969697,-0.4226594716182669,-0.9161480136958047
-0.9141863069467089,0.2196969696969697,-0.4226594716182669,-0.9161480136958047
-0.9141863069467089,0.2196969696969697,-0.4226594716182669,-0.9161480136958047
-0.9141863069467089,0.2196969696969697,-0.4226594716182669,-0.9161480136958047
-0.9140124238663302,0.42424242424242425,-0.7447517412670581,-0.8955959131681983
-0.9111967941702905,0.1893939393939394,-0.3519910674088478,-0.9242813581388974
-0.911045244696566,0.20454545454545456,-0.3981505881057476,-0.9135419861282539
-0.9088772895934965,0.4393939393939394,-0.7458006857414595,-0.8946370126499636
-0.9065322608948119,0.4090909090909091,-0.7286058247249467,-0.8858869063542028
-0.9058159902242613,0.44696969696969696,-0.77612216570314,-0.8837738454067691
-0.8993264822336159,0.3712121212121212,-0.672280464108692,-0.878441040521991
-0.8978716072858606,0.4318181818181818,-0.7528972268424418,-0.8782118627195736
-0.8965044715071037,0.3787878787878788,-0.6801271110991883,-0.8838870176173206
-0.8852610958143631,0.3333333333333333,-0.6151225631412841,-0.8705083510657641
-0.884916520168842,0.38636363636363635,-0.696650504374726,-0.8690426622866567
-0.884916520168842,0.38636363636363635,-0.696650504374726,-0.8690426622866567
-0.884916520168842,0.38636363636363635,-0.696650504374726,-0.8690426622866567
-0.8682763879538906,0.3181818181818182,-0.5911093854410031,-0.8558535738659092
-0.8682763879538906,0.3181818181818182,-0.5911093854410031,-0.8558535738659092
-0.8682763879538906,0.3181818181818182,-0.5911093854410031,-0.8558535738659092
-0.8645482709002676,0.3712121212121212,-0.6743567118403874,-0.8518268091325959
-0.8645482709002676,0.3712121212121212,-0.6743567118403874,-0.8518268091325959
-0.8645482709002676,0.3712121212121212,-0.6743567118403874,-0.8518268091325959
-0.8645482709002676,0.3712121212121212,-0.6743567118403874,-0.8518268091325959
-0.8645482709002676,0.3712121212121212,-0.6743567118403874,-0.8518268091325959
-0.8645482709002676,0.3712121212121212,-0.6743567118403874,-0.8518268091325959
-0.8645482709002676,0.3712121212121212,-0.6743567118403874,-0.8518268091325959
-0.8620213828331138,0.3333333333333333,-0.6157068294397043,-0.8499149314792261
\,n
-0.959209262703834,0.19696969696969696,-0.3677666961711965,-0.9517191549517003
-0.958759400055515,0.25,-0.4549411619002028,-0.9512762114191471
-0.9585950885208452,0.25,-0.46666695785509366,-0.9510599646320461
-0.9553599060712314,0.2196969696969697,-0.41701800538368505,-0.9475502874010923
-0.9553599060712314,0.2196969696969697,-0.41701800538368505,-0.9475502874010923
-0.9553599060712314,0.2196969696969697,-0.41701800538368505,-0.9475502874010923
-0.9553599060712314,0.2196969696969697,-0.41701800538368505,-0.9475502874010923
-0.954969067954784,0.20454545454545456,-0.3949272988016452,-0.9485188037859376
-0.954969067954784,0.20454545454545456,-0.3949272988016452,-0.9485188037859376
-0.9547345650849155,0.4090909090909091,-0.6498200183704211,-0.949101001149118
-0.9547345650849155,0.4090909090909091,-0.6498200183704211,-0.949101001149118
-0.9535141930070288,0.30303030303030304,-0.5474389168687295,-0.9483827899565012
-0.9532637375609787,0.4166666666666667,-0.6640850620256614,-0.9477558731689062
-0.9532637375609787,0.4166666666666667,-0.6640850620256614,-0.9477558731689062
-0.9531951414833981,0.20454545454545456,-0.39182966029650684,-0.9548476007631264
-0.9531807841648348,0.23484848484848486,-0.4411716049628589,-0.9445454615420881
-0.9530547588130007,0.3333333333333333,-0.5827672148068878,-0.9564781891634262
-0.9530547588130007,0.3333333333333333,-0.5827672148068878,-0.9564781891634262
-0.9528122796550416,0.26515151515151514,-0.4913285674860717,-0.9411311791340621
-0.9526320155441902,0.3181818181818182,-0.5710246284182594,-0.9550001648568498
-0.9525905388461182,0.25757575757575757,-0.47673074827426404,-0.945687003932586
-0.9522347963972702,0.32575757575757575,-0.5777406879608099,-0.946252896414006
-0.9516110506685724,0.3106060606060606,-0.5692995414535482,-0.9540840713933236
-0.9515488356214645,0.22727272727272727,-0.44231494208271277,-0.9555143135526377
-0.9514531201643753,0.24242424242424243,-0.45252541714136063,-0.9481841088019667
-0.9514196197543942,0.3106060606060606,-0.5588447405921587,-0.9548856777634749
-0.9513175232668323,0.3181818181818182,-0.5838953556428315,-0.9532380994431735
-0.9511532117321626,0.3333333333333333,-0.5945155340612011,-0.9530180699730872
-0.9509011610284945,0.3787878787878788,-0.6568786747103503,-0.9461218734935786
-0.9509011610284945,0.3787878787878788,-0.6568786747103503,-0.9461218734935786
-0.9509011610284945,0.3787878787878788,-0.6568786747103503,-0.9461218734935786
-0.9507017538262255,0.25757575757575757,-0.4756037615989891,-0.9463023533974735
-0.9507017538262255,0.25757575757575757,-0.4756037615989891,-0.9463023533974735
-0.9506650629010078,0.22727272727272727,-0.43043471055932075,-0.9558417658051872
-0.9504847987901566,0.30303030303030304,-0.5571196536274475,-0.9543853638024211
-0.9499854831556749,0.3712121212121212,-0.6498938675904521,-0.94403194172037
-0.9499152918204761,0.3409090909090909,-0.6205733384032373,-0.9448229823672942
-0.9490347096152558,0.4090909090909091,-0.6975844075175861,-0.9423430577884979
-0.9483375820361231,0.2803030303030303,-0.5168552129407148,-0.9385117748236931
-0.9476819311550623,0.4166666666666667,-0.6843605930636126,-0.9437942692568301
-0.9476101445622453,0.3560606060606061,-0.6293741796841388,-0.9384360388192929
-0.9473389507671593,0.23484848484848486,-0.45522730652833965,-0.9483709220143328
-0.9472384495372158,0.25757575757575757,-0.4801024570226563,-0.9378060797774115
-0.9463802009386496,0.3484848484848485,-0.6218909490147225,-0.9460556322390925
-0.9459638387003118,0.38636363636363635,-0.6803193042334673,-0.9390495558756788
-0.9459638387003118,0.38636363636363635,-0.6803193042334673,-0.9390495558756788
-0.9459287430327123,0.2878787878787879,-0.531301667227444,-0.9394405538425802
-0.9458697185008407,0.42424242424242425,-0.7229406387190447,-0.9380537834485203
-0.9455522622348282,0.1893939393939394,-0.37341695464259644,-0.9354657188077438
-0.9455522622348282,0.1893939393939394,-0.37341695464259644,-0.9354657188077438
-0.9455522622348282,0.1893939393939394,-0.37341695464259644,-0.9354657188077438
-0.9452475680297612,0.4318181818181818,-0.7468720750289389,-0.93680615473109
-0.9452475680297612,0.4318181818181818,-0.7468720750289389,-0.93680615473109
-0.9452475680297612,0.4318181818181818,-0.7468720750289389,-0.93680615473109
-0.9448407773371321,0.4015151515151515,-0.7015704377576667,-0.9365652778348326
-0.9448407773371321,0.4015151515151515,-0.7015704377576667,-0.9365652778348326
-0.9434911893921749,0.20454545454545456,-0.3955243205873022,-0.9503884686231379
-0.9433412351760686,0.2878787878787879,-0.5365858564476207,-0.9451193116102085
-0.9427174894473709,0.36363636363636365,-0.6510921942622235,-0.9377033671888807
-0.939941741191785,0.2727272727272727,-0.514992774995543,-0.9413310569409383
-0.939941741191785,0.2727272727272727,-0.514992774995543,-0.9413310569409383
-0.9396928810033532,0.1893939393939394,-0.3718099480315761,-0.9469086770894594
-0.9396928810033532,0.1893939393939394,-0.3718099480315761,-0.9469086770894594
-0.9388984427095132,0.3484848484848485,-0.627309407256032,-0.9298375610202414
-0.9386208678839545,0.2803030303030303,-0.5138482872579878,-0.945167144512902
-0.9383353167703052,0.2803030303030303,-0.5255720136676344,-0.9449312497381461
-0.938124742764709,0.29545454545454547,-0.5384657906482605,-0.9322682966090605
-0.9366874156507534,0.2196969696969697,-0.42922446831866684,-0.9393435923622306
-0.9366874156507534,0.2196969696969697,-0.42922446831866684,-0.9393435923622306
-0.9366874156507534,0.2196969696969697,-0.42922446831866684,-0.9393435923622306
-0.9366874156507534,0.2196969696969697,-0.42922446831866684,-0.9393435923622306
-0.9366874156507534,0.2196969696969697,-0.42922446831866684,-0.9393435923622306
-0.9366874156507534,0.2196969696969697,-0.42922446831866684,-0.9393435923622306
-0.9365358661770289,0.25757575757575757,-0.48120349828273246,-0.9431032414306987
-0.9358243812793328,0.20454545454545456,-0.4085882289631473,-0.9442153328319646
-0.9344731980767573,0.49242424242424243,-0.7585769898158671,-0.9219836849345202
-0.934061621611274,0.25,-0.47821866100801624,-0.9331154116977287
-0.934061621611274,0.25,-0.47821866100801624,-0.9331154116977287
-0.9334027802149769,0.24242424242424243,-0.4657649092413708,-0.9410990824080181
-0.9334027802149769,0.24242424242424243,-0.4657649092413708,-0.9410990824080181
-0.9334027802149769,0.24242424242424243,-0.4657649092413708,-0.9410990824080181
-0.9334027802149769,0.24242424242424243,-0.4657649092413708,-0.9410990824080181
-0.9333150410459785,0.48484848484848486,-0.7484296804862993,-0.9199296499656829
-0.9329688701428394,0.1893939393939394,-0.3853580578952917,-0.9418386760561828
-0.9327439388186798,0.48484848484848486,-0.7601534068959458,-0.9194768941181626
-0.9327008668629897,0.4696969696969697,-0.7720336384193379,-0.9192809495555785
-0.9324216967798129,0.3787878787878788,-0.6666796729205686,-0.9282465161862146
-0.9269419868614582,0.3106060606060606,-0.572402848087427,-0.9257529275936005
-0.925018106173966,0.3333333333333333,-0.6076084769876189,-0.9122144615070582
-0.9245538862070837,0.2196969696969697,-0.43163632403750263,-0.9309833735194767
-0.9245538862070837,0.2196969696969697,-0.43163632403750263,-0.9309833735194767
-0.9245538862070837,0.2196969696969697,-0.43163632403750263,-0.9309833735194767
-0.9235536596805018,0.18181818181818182,-0.3729474618948637,-0.9345329322220692
-0.9187439579617712,0.45454545454545453,-0.7725888737252421,-0.9077610660333795
-0.9186833381722814,0.29545454545454547,-0.5474583761341194,-0.9292635045889679
-0.9175554910362475,0.38636363636363635,-0.6908340935246429,-0.9092526648596115
-0.9175554910362475,0.38636363636363635,-0.6908340935246429,-0.9092526648596115
-0.9175554910362475,0.38636363636363635,-0.6908340935246429,-0.9092526648596115
-0.913299343711016,0.4090909090909091,-0.7138240743681029,-0.9048761660612781
-0.913299343711016,0.4090909090909091,-0.7138240743681029,-0.9048761660612781
-0.9118987075222778,0.44696969696969696,-0.7486449937108758,-0.9028089343987408
-0.9114376780706317,0.3712121212121212,-0.6673660227049553,-0.9043853130498631
-0.9103146167074521,0.4090909090909091,-0.7248641305477722,-0.9019968635843356
-0.9064732363629402,0.19696969696969696,-0.39495538804651725,-0.912314635718891
-0.9064732363629402,0.19696969696969696,-0.39495538804651725,-0.912314635718891
-0.9064732363629402,0.19696969696969696,-0.39495538804651725,-0.912314635718891
-0.9046785715425184,0.3787878787878788,-0.6781027992747927,-0.8997357395709646
-0.9018437987550609,0.3484848484848485,-0.6286642413976948,-0.901551528836344
-0.9018437987550609,0.3484848484848485,-0.6286642413976948,-0.901551528836344
-0.8941147755951109,0.32575757575757575,-0.5850506361964208,-0.896554132207855
-0.8790651152254578,0.2196969696969697,-0.43505692306157145,-0.8918348446140295
-0.8680929333278031,0.19696969696969696,-0.3971627480417967,-0.8822277920646988
-0.8680929333278031,0.19696969696969696,-0.3971627480417967,-0.8822277920646988
-0.856645364659939,0.30303030303030304,-0.5614248909749904,-0.8656348327872903
-0.856645364659939,0.30303030303030304,-0.5614248909749904,-0.8656348327872903
-0.8552862051692728,0.24242424242424243,-0.46986072210161656,-0.8708920541585974
-0.8424443813431431,0.19696969696969696,-0.39720527192904653,-0.8596334499480673
-0.8424443813431431,0.19696969696969696,-0.39720527192904653,-0.8596334499480673
-0.841744063248774,0.22727272727272727,-0.44371002530308884,-0.8586066161817458
-0.838204186594093,0.21212121212121213,-0.4233510137021824,-0.8558399285502531
\,n
-0.9579697475345293,0.25,-0.4757629388378737,-0.9526258453548093
-0.9577894834236781,0.3712121212121212,-0.6294844312980152,-0.9511922243717528
-0.957527861174301,0.29545454545454547,-0.5004830039425173,-0.9527904124860647
-0.957277405728251,0.3560606060606061,-0.6279585599960941,-0.9521597635813874
-0.957277405728251,0.3560606060606061,-0.6279585599960941,-0.9521597635813874
-0.9563346084759228,0.2803030303030303,-0.47719765205518844,-0.9510635198000003
-0.955876769539513,0.3939393939393939,-0.6975017482711663,-0.9500120746803338
-0.955876769539513,0.3939393939393939,-0.6975017482711663,-0.9500120746803338
-0.955876769539513,0.3939393939393939,-0.6975017482711663,-0.9500120746803338
-0.9555912184258636,0.4166666666666667,-0.7093531841209681,-0.9497843884641339
-0.9555912184258636,0.4166666666666667,-0.7093531841209681,-0.9497843884641339
-0.9546835168411347,0.32575757575757575,-0.5960719686169274,-0.9482912798376026
-0.9539289599877484,0.21212121212121213,-0.415685844057121,-0.9492274247491639
-0.9539289599877484,0.21212121212121213,-0.415685844057121,-0.9492274247491639
-0.9538156966968596,0.36363636363636365,-0.6551619740265839,-0.9498220057009348
-0.953600336918409,0.22727272727272727,-0.4393763804182976,-0.9487935161302608
-0.953600336918409,0.22727272727272727,-0.4393763804182976,-0.9487935161302608
-0.9535492886746281,0.42424242424242425,-0.7204878726940844,-0.9479839319947534
-0.9534743115665749,0.2878787878787879,-0.5380714612616353,-0.9453718993280444
-0.9533690245637768,0.4090909090909091,-0.723721342112914,-0.9465622215756151
-0.9529079951121306,0.20454545454545456,-0.403805612533729,-0.9483250888855973
-0.9525905388461182,0.44696969696969696,-0.724919013478301,-0.945687003932586
-0.9524182510233578,0.30303030303030304,-0.5691414159805133,-0.944871172053681
-0.9519763646631294,0.45454545454545453,-0.73663865105135,-0.9450278672470378
-0.9519221259041122,0.4015151515151515,-0.7137508780739618,-0.9470242596772012
-0.9510255911227103,0.3484848484848485,-0.6363752703244844,-0.9433394447702892
-0.9510255911227103,0.3484848484848485,-0.6363752703244844,-0.9433394447702892
-0.9508421364966229,0.22727272727272727,-0.44072100639093276,-0.9447163688882128
-0.9507559925852426,0.29545454545454547,-0.5510007240654203,-0.94430872144211
-0.9507161111447888,0.3939393939393939,-0.7019682082523364,-0.9413227518291487
-0.9507161111447888,0.3939393939393939,-0.7019682082523364,-0.9413227518291487
-0.9507161111447888,0.3939393939393939,-0.7019682082523364,-0.9413227518291487
-0.9506570866129171,0.25757575757575757,-0.49378185971908123,-0.9399313936748143
-0.9506570866129171,0.25757575757575757,-0.49378185971908123,-0.9399313936748143
-0.9501689377817624,0.24242424242424243,-0.468950023405453,-0.9426571628992104
-0.9495978355544636,0.3712121212121212,-0.6744215679293447,-0.9422020396785704
-0.9495388110225921,0.3787878787878788,-0.6814922229820104,-0.9408080961465315
-0.9495388110225921,0.3787878787878788,-0.6814922229820104,-0.9408080961465315
-0.9495116916430835,0.2878787878787879,-0.5451674579879408,-0.9417963104915075
-0.9494367145350302,0.38636363636363635,-0.6902914015287287,-0.9392161863782633
-0.9494175714436124,0.3787878787878788,-0.6815368589910932,-0.9407957564375338
-0.9492963318646328,0.22727272727272727,-0.4455541452830788,-0.9407833897480145
-0.9490905436318912,0.3333333333333333,-0.6049390646685856,-0.9465404988734119
-0.9488544455044046,0.3787878787878788,-0.6863017994527367,-0.9409361024069913
-0.9486231331497723,0.3106060606060606,-0.5784330883120175,-0.938738406451697
-0.9486231331497723,0.3106060606060606,-0.5784330883120175,-0.938738406451697
-0.9486231331497723,0.3106060606060606,-0.5784330883120175,-0.938738406451697
-0.9485497512993373,0.22727272727272727,-0.44611947807719987,-0.9422930017694886
-0.9484237259475032,0.3181818181818182,-0.5900652590265425,-0.9389150783807196
-0.9479706727839479,0.23484848484848486,-0.45446507029516386,-0.9412406170852199
-0.9478925051606584,0.25,-0.4812726436217293,-0.9414306692461034
-0.947763289293588,0.25,-0.4827721265130575,-0.94082265970475
-0.947763289293588,0.25,-0.4827721265130575,-0.94082265970475
-0.947763289293588,0.25,-0.4827721265130575,-0.94082265970475
-0.947763289293588,0.25,-0.4827721265130575,-0.94082265970475
-0.947763289293588,0.25,-0.4827721265130575,-0.94082265970475
-0.9473596891161953,0.32575757575757575,-0.6049664383635543,-0.9378188381266375
-0.9459510766393665,0.26515151515151514,-0.5114486971714193,-0.9351166918197702
-0.9456942401628439,0.2196969696969697,-0.434293311182775,-0.9400078977226379
-0.9456942401628439,0.2196969696969697,-0.434293311182775,-0.9400078977226379
-0.9456942401628439,0.2196969696969697,-0.434293311182775,-0.9400078977226379
-0.9452284249383434,0.2878787878787879,-0.5459890792025097,-0.9383780124785344
-0.9452284249383434,0.2878787878787879,-0.5459890792025097,-0.9383780124785344
-0.9452284249383434,0.2878787878787879,-0.5459890792025097,-0.9383780124785344
-0.9452284249383434,0.2878787878787879,-0.5459890792025097,-0.9383780124785344
-0.9447307045614797,0.45454545454545453,-0.7702266136588043,-0.9343976203701254
-0.9443318901569414,0.48484848484848486,-0.780373922988372,-0.9347451923333382
-0.9437496211263157,0.38636363636363635,-0.6918843793691958,-0.9364443884588112
-0.9422325311314524,0.42424242424242425,-0.736899777337082,-0.9376477146042363
-0.9422325311314524,0.42424242424242425,-0.736899777337082,-0.9376477146042363
-0.9422325311314524,0.42424242424242425,-0.736899777337082,-0.9376477146042363
-0.9421814828876716,0.29545454545454547,-0.5526780237570301,-0.9368554389262527
-0.9405607011476284,0.3409090909090909,-0.6241798477074543,-0.9304210149015939
-0.9405559153747739,0.3181818181818182,-0.5927425248581769,-0.9271284467245204
-0.9397072383219166,0.2727272727272727,-0.5232748640658441,-0.9270310796292229
-0.9388250608590781,0.4015151515151515,-0.7197893452043923,-0.9333274365525861
-0.9386830829310626,0.42424242424242425,-0.7405857447036038,-0.9288436765428492
-0.9376302129030817,0.3333333333333333,-0.6084341860154454,-0.925630090186156
-0.9371197304652729,0.38636363636363635,-0.6961894761079515,-0.9325334755569692
-0.9362407435176707,0.3333333333333333,-0.6093519821305007,-0.9361349778894563
-0.9362407435176707,0.3333333333333333,-0.6093519821305007,-0.9361349778894563
-0.9353218751296146,0.25757575757575757,-0.4954840593932017,-0.9220878966767028
-0.9353218751296146,0.25757575757575757,-0.4954840593932017,-0.9220878966767028
-0.9353218751296146,0.25757575757575757,-0.4954840593932017,-0.9220878966767028
-0.9353218751296146,0.25757575757575757,-0.4954840593932017,-0.9220878966767028
-0.935053871849765,0.23484848484848486,-0.455736310722117,-0.9289760021778322
-0.9346646289909357,0.4393939393939394,-0.773870247246806,-0.9212422786547702
-0.9340584310960377,0.25,-0.48365789249877694,-0.9211675231243576
-0.9318505945525143,0.29545454545454547,-0.5576160180795938,-0.9277845554158701
-0.9318505945525143,0.29545454545454547,-0.5576160180795938,-0.9277845554158701
-0.9314422086022671,0.4318181818181818,-0.762830103932811,-0.9215976896763105
-0.9289950834160209,0.4090909090909091,-0.729944106560315,-0.9254712054313252
-0.9262257161909077,0.3106060606060606,-0.5806725625641563,-0.9235457897649578
-0.9259481413653491,0.3939393939393939,-0.7039693380071894,-0.9238867534111246
-0.9230176531208025,0.25757575757575757,-0.4961034568162899,-0.9190828175172279
-0.9204716219622306,0.4015151515151515,-0.720300682060468,-0.9186902844061272
-0.9174406324877404,0.5378787878787878,-0.8267184983373232,-0.9040404825666243
-0.91701788921893,0.49242424242424243,-0.8109405467057982,-0.902681607981648
-0.9109303861480591,0.49242424242424243,-0.817553749865988,-0.8944065880517054
-0.9109303861480591,0.49242424242424243,-0.817553749865988,-0.8944065880517054
-0.9092569609066168,0.3333333333333333,-0.6174906950940815,-0.9097036684408311
-0.9065386419252845,0.4393939393939394,-0.7766688136010906,-0.8946206785612032
-0.9027499050821717,0.4621212121212121,-0.8068482464972087,-0.8836766514964797
-0.8948150936894799,0.3409090909090909,-0.6291176339711656,-0.897594775333914
-0.8937335090243723,0.5075757575757576,-0.8352847532183219,-0.8764518796307147
-0.8937335090243723,0.5075757575757576,-0.8352847532183219,-0.8764518796307147
-0.8937335090243723,0.5075757575757576,-0.8352847532183219,-0.8764518796307147
-0.8937335090243723,0.5075757575757576,-0.8352847532183219,-0.8764518796307147
-0.8936904370686822,0.5075757575757576,-0.8353293892274046,-0.8762662947840012
-0.8936904370686822,0.5075757575757576,-0.8353293892274046,-0.8762662947840012
-0.8933458614231612,0.4318181818181818,-0.7657595634630845,-0.888249215840924
-0.8933458614231612,0.4318181818181818,-0.7657595634630845,-0.888249215840924
-0.8929454517610049,0.3939393939393939,-0.7085607617971585,-0.8964759278061496
-0.8929454517610049,0.3939393939393939,-0.7085607617971585,-0.8964759278061496
-0.8902047991730184,0.44696969696969696,-0.7893166017100843,-0.8856665871690914
-0.8881437263303651,0.48484848484848486,-0.8115540247286483,-0.8719211046393789
-0.8818025772982079,0.4393939393939394,-0.7774363701866924,-0.8787934407873537
-0.8818025772982079,0.4393939393939394,-0.7774363701866924,-0.8787934407873537
-0.8818025772982079,0.4393939393939394,-0.7774363701866924,-0.8787934407873537
-0.8804896802784681,0.3484848484848485,-0.639788730289835,-0.8693884163510506
\,n
-0.9582632749362694,0.26515151515151514,-0.4868929076460692,-0.9534636844600877
-0.9577176968308612,0.23484848484848486,-0.44366931895440104,-0.9612334215957499
-0.9577176968308612,0.23484848484848486,-0.44366931895440104,-0.9612334215957499
-0.9572167859387612,0.24242424242424243,-0.45465489173446155,-0.9599446850724043
-0.9568961391575126,0.3409090909090909,-0.6091998890144021,-0.9601253992450639
-0.9568961391575126,0.3409090909090909,-0.6091998890144021,-0.9601253992450639
-0.9566456837114625,0.2727272727272727,-0.5017762248896538,-0.9594818154599694
-0.9561352012736537,0.4015151515151515,-0.6871767516008603,-0.9512479715212661
-0.9561352012736537,0.4015151515151515,-0.6871767516008603,-0.9512479715212661
-0.9561352012736537,0.4015151515151515,-0.6871767516008603,-0.9512479715212661
-0.9560490573622734,0.4166666666666667,-0.6989994975360545,-0.9508356223520713
-0.9559453656170935,0.2196969696969697,-0.4340556306159118,-0.9583868694197534
-0.9555194318330467,0.30303030303030304,-0.5614489197074428,-0.9598006942774813
-0.9554683835892659,0.22727272727272727,-0.4429867644861969,-0.9589663702270801
-0.9552546190684335,0.25757575757575757,-0.492272255477693,-0.948746273518436
-0.9537279575278612,0.3560606060606061,-0.6278643612536486,-0.9586058207700185
-0.9518806492060403,0.25,-0.466516308697645,-0.9530880924959917
-0.9515456451062283,0.45454545454545453,-0.7617967022253972,-0.9429929647574169
-0.9515185257267196,0.4090909090909091,-0.7134779285138865,-0.9439855683918927
-0.950802255056169,0.44696969696969696,-0.7608445578938677,-0.9417278648339293
-0.9506889917652802,0.2878787878787879,-0.5371588922824054,-0.9423119774038025
-0.950342820862141,0.4696969696969697,-0.7392331265545555,-0.9496882407807034
-0.950290177360742,0.42424242424242425,-0.737131189172724,-0.9426693634831319
-0.9502120097374525,0.42424242424242425,-0.7322415113390776,-0.9428602843006362
-0.9501785093274713,0.36363636363636365,-0.6561736289275497,-0.9494696929416612
-0.9501689377817624,0.44696969696969696,-0.7612976031095728,-0.9426571628992104
-0.9501689377817624,0.44696969696969696,-0.7612976031095728,-0.9426571628992104
-0.9500141977928016,0.3939393939393939,-0.6889790783245394,-0.9492511927405829
-0.9497190751334432,0.3787878787878788,-0.6742821967561067,-0.9422143610683162
-0.9497190751334432,0.3787878787878788,-0.6742821967561067,-0.9422143610683162
-0.9497190751334432,0.3787878787878788,-0.6742821967561067,-0.9422143610683162
-0.9494175714436124,0.4393939393939394,-0.7619577298440966,-0.9407957564375338
-0.949380880518395,0.3409090909090909,-0.6234582281739748,-0.9501990839884975
-0.9490363048728739,0.44696969696969696,-0.7606345110099941,-0.9485466748361376
-0.9490363048728739,0.44696969696969696,-0.7606345110099941,-0.9485466748361376
-0.9490363048728739,0.44696969696969696,-0.7606345110099941,-0.9485466748361376
-0.9488464692163138,0.45454545454545453,-0.7725779082624663,-0.9403414747461339
-0.9485417750112466,0.3484848484848485,-0.6330949745696357,-0.9416966613643678
-0.9484572263574844,0.4318181818181818,-0.7492533786024265,-0.9474798870378138
-0.9483678919308679,0.3560606060606061,-0.6319768805614824,-0.9498933052655844
-0.9473214029333596,0.36363636363636365,-0.658402627662622,-0.9409741457200835
-0.9472799262352878,0.44696969696969696,-0.760986728971025,-0.9469547050351077
-0.9472799262352878,0.44696969696969696,-0.760986728971025,-0.9469547050351077
-0.9469879940911659,0.4166666666666667,-0.7124753035645286,-0.9523960859111664
-0.9467072287503708,0.3409090909090909,-0.6246791120294933,-0.9403149245734167
-0.9463786056810315,0.3560606060606061,-0.6477292962521973,-0.9398842127887885
-0.9450673039189099,0.36363636363636365,-0.6289601267390792,-0.9505608476994117
-0.9447626097138426,0.2803030303030303,-0.5279170717869508,-0.9519562713019443
-0.9446270128162997,0.22727272727272727,-0.4469829510261646,-0.941673576969744
-0.9436475246387539,0.21212121212121213,-0.3896291743972781,-0.9499986545796324
-0.9436475246387539,0.21212121212121213,-0.3896291743972781,-0.9499986545796324
-0.9434417364060121,0.21212121212121213,-0.4235802088342852,-0.9405493535788132
-0.9434417364060121,0.21212121212121213,-0.4235802088342852,-0.9405493535788132
-0.9432327576580342,0.23484848484848486,-0.4579973096842455,-0.9491398399639195
-0.9432327576580342,0.23484848484848486,-0.4579973096842455,-0.9491398399639195
-0.9432327576580342,0.23484848484848486,-0.4579973096842455,-0.9491398399639195
-0.9431561852923629,0.2196969696969697,-0.43529984640733393,-0.9403189630030613
-0.9431561852923629,0.2196969696969697,-0.43529984640733393,-0.9403189630030613
-0.9430253741676744,0.29545454545454547,-0.5480345999483978,-0.948711004089378
-0.9430253741676744,0.29545454545454547,-0.5480345999483978,-0.948711004089378
-0.9423250560733053,0.21212121212121213,-0.4037436059879609,-0.9476198384671864
-0.9421001247491458,0.24242424242424243,-0.4721355516371293,-0.9398020813226882
-0.9420506717629831,0.2878787878787879,-0.5437496827806324,-0.9451724239619628
-0.9407297984551526,0.25757575757575757,-0.4938825304373694,-0.9490574165977392
-0.9407154411365892,0.25,-0.4838701665807441,-0.9388497180244428
-0.9399449317070213,0.20454545454545456,-0.39020421467518596,-0.9385605397274421
-0.9398013585213876,0.3181818181818182,-0.5907142764762932,-0.9429068216463414
-0.9377753813463336,0.29545454545454547,-0.5559281310569951,-0.9422602998900851
-0.9375887362050097,0.25,-0.48225069534219855,-0.9464513846798597
-0.9375887362050097,0.25,-0.48225069534219855,-0.9464513846798597
-0.9370638964486375,0.26515151515151514,-0.5006415284255848,-0.9433698689017838
-0.9367384638945344,0.25,-0.48466731304249766,-0.9401421700080874
-0.9362072431076894,0.26515151515151514,-0.504810617629232,-0.9426616970363912
-0.9359807165259117,0.25,-0.4841261996812953,-0.9438338749356521
-0.9359807165259117,0.25,-0.4841261996812953,-0.9438338749356521
-0.9357174990189165,0.2803030303030303,-0.5315678605132769,-0.9392196296840158
-0.9350682291683283,0.26515151515151514,-0.509404125894244,-0.9389377756583804
-0.9350682291683283,0.26515151515151514,-0.509404125894244,-0.9389377756583804
-0.9342833624201973,0.2727272727272727,-0.5228717536562408,-0.9286838932106096
-0.933570282264883,0.2878787878787879,-0.544908509803922,-0.9385426637494872
-0.933570282264883,0.2878787878787879,-0.544908509803922,-0.9385426637494872
-0.9328587973671869,0.2727272727272727,-0.5209476134474943,-0.9396349410064926
-0.9309700123472939,0.3560606060606061,-0.6375059091060183,-0.9401707268370607
-0.9309700123472939,0.3560606060606061,-0.6375059091060183,-0.9401707268370607
-0.9309700123472939,0.3560606060606061,-0.6375059091060183,-0.9401707268370607
-0.9307690098874066,0.4090909090909091,-0.7257865710692052,-0.9196045207577116
-0.9306828659760265,0.4318181818181818,-0.7505549071394415,-0.9192128635758173
-0.9290365601140929,0.26515151515151514,-0.5129133338800889,-0.9343762120232708
-0.9290365601140929,0.26515151515151514,-0.5129133338800889,-0.9343762120232708
-0.9261124529000189,0.36363636363636365,-0.6635234584527911,-0.9241017377432273
-0.925310038318088,0.23484848484848486,-0.4642400742172385,-0.9215082139970618
-0.9251887987391083,0.22727272727272727,-0.4525204366441898,-0.9214904078508104
-0.9244342418857221,0.45454545454545453,-0.7755821178174027,-0.9223287942743843
-0.9244342418857221,0.45454545454545453,-0.7755821178174027,-0.9223287942743843
-0.9228581273589872,0.3939393939393939,-0.6976366972874338,-0.9077926471999818
-0.9200424976629475,0.2803030303030303,-0.537789384079413,-0.9083257681241581
-0.9200424976629475,0.2803030303030303,-0.537789384079413,-0.9083257681241581
-0.9182637854187072,0.25757575757575757,-0.5002134562760048,-0.9108511208614889
-0.9130504835225841,0.4621212121212121,-0.7872262809855501,-0.910002550417325
-0.9130504835225841,0.4621212121212121,-0.7872262809855501,-0.910002550417325
-0.9115046788905941,0.3181818181818182,-0.594333262619353,-0.9203586120061388
-0.9115046788905941,0.3181818181818182,-0.594333262619353,-0.9203586120061388
-0.9108250991452609,0.22727272727272727,-0.45001105463535984,-0.9236398812761262
-0.8999390611589866,0.2803030303030303,-0.5323791960609378,-0.9146606812646261
-0.8986357356849557,0.25,-0.49146656098299774,-0.8835456510047337
-0.8986357356849557,0.25,-0.49146656098299774,-0.8835456510047337
-0.8986357356849557,0.25,-0.49146656098299774,-0.8835456510047337
-0.8986357356849557,0.25,-0.49146656098299774,-0.8835456510047337
-0.8986357356849557,0.25,-0.49146656098299774,-0.8835456510047337
-0.8977280341002268,0.2727272727272727,-0.5256008504412114,-0.8821365642882972
-0.8955058402381401,0.3106060606060606,-0.5828522251493296,-0.8790744519194171
-0.8948294510080432,0.2803030303030303,-0.5400219037858418,-0.8796702640559144
-0.8941131803374927,0.26515151515151514,-0.514481481079506,-0.8775862568545495
-0.872999945761241,0.4166666666666667,-0.7298655573165801,-0.8796440177192545
-0.8530193440938778,0.3712121212121212,-0.6708039485907118,-0.8627107654030788
-0.8490886293227493,0.3787878787878788,-0.6824989279365988,-0.8607423425502945
-0.8490886293227493,0.3787878787878788,-0.6824989279365988,-0.8607423425502945
-0.8490886293227493,0.3787878787878788,-0.6824989279365988,-0.8607423425502945
-0.8490886293227493,0.3787878787878788,-0.6824989279365988,-0.8607423425502945
-0.8490886293227493,0.3787878787878788,-0.6824989279365988,-0.8607423425502945
\,n
-0.9557427678995881,0.22727272727272727,-0.321190087882735,-0.9459828923980486
-0.9550392592899828,0.4015151515151515,-0.6584862195276117,-0.9477214858582632
-0.9540486043091099,0.21212121212121213,-0.29779307741179634,-0.9430346548519339
-0.9535492886746281,0.12878787878787878,-0.21764995191329786,-0.9479839319947534
-0.9508373507237684,0.29545454545454547,-0.4837441282322697,-0.9413348128396861
-0.9496440980253901,0.4318181818181818,-0.751463902207263,-0.9396321555939556
-0.9496169786458815,0.44696969696969696,-0.7404874128963376,-0.9406180769358816
-0.9496169786458815,0.44696969696969696,-0.7404874128963376,-0.9406180769358816
-0.949037900130492,0.4393939393939394,-0.7523151179319975,-0.9395704463085488
-0.949037900130492,0.4393939393939394,-0.7523151179319975,-0.9395704463085488
-0.9490267333271649,0.4166666666666667,-0.7083247792504775,-0.9417467007968615
-0.9490267333271649,0.4166666666666667,-0.7083247792504775,-0.9417467007968615
-0.9488847553991494,0.21212121212121213,-0.4108756900226931,-0.9371896782989204
-0.9485688943907551,0.4015151515151515,-0.6941575562970003,-0.9407086213007265
-0.9477361699140794,0.30303030303030304,-0.5597304838767984,-0.9418109870267337
-0.9472623784014881,0.2878787878787879,-0.5322002167552723,-0.9395832424493595
-0.946091459309764,0.32575757575757575,-0.5841451785844078,-0.9335664497175349
-0.946091459309764,0.32575757575757575,-0.5841451785844078,-0.9335664497175349
-0.9457915508775512,0.3560606060606061,-0.6428828991539115,-0.9382422873042231
-0.9457357168609158,0.17424242424242425,-0.32868982564029,-0.9341150471666997
-0.9457357168609158,0.17424242424242425,-0.32868982564029,-0.9341150471666997
-0.9457357168609158,0.17424242424242425,-0.32868982564029,-0.9341150471666997
-0.9435932858797367,0.2878787878787879,-0.5330341394224563,-0.9368195760032121
-0.9433220920846508,0.4621212121212121,-0.7544352260029065,-0.9317059826604304
-0.9433220920846508,0.4621212121212121,-0.7544352260029065,-0.9317059826604304
-0.9433220920846508,0.4621212121212121,-0.7544352260029065,-0.9317059826604304
-0.9433220920846508,0.4621212121212121,-0.7544352260029065,-0.9317059826604304
-0.9431896857023441,0.1590909090909091,-0.30429433597965244,-0.9338362550823527
-0.9431896857023441,0.1590909090909091,-0.30429433597965244,-0.9338362550823527
-0.9431817094142533,0.1590909090909091,-0.3050599727238374,-0.9332496408436015
-0.9431817094142533,0.1590909090909091,-0.3050599727238374,-0.9332496408436015
-0.942707917901662,0.3939393939393939,-0.6821384482796653,-0.9310539721705222
-0.9410983029649458,0.4090909090909091,-0.6954898537469938,-0.937319030997932
-0.9385331287149562,0.23484848484848486,-0.43976703626269886,-0.938586299851806
-0.9382731017231973,0.3409090909090909,-0.5955138927597102,-0.9313143566832045
-0.9381183617342365,0.1893939393939394,-0.3506940001774282,-0.9229955806737828
-0.9366060575122277,0.3106060606060606,-0.5714336095535015,-0.9274329717295536
-0.9331746583755811,0.17424242424242425,-0.3484798052023225,-0.9214389034554482
-0.9331746583755811,0.17424242424242425,-0.3484798052023225,-0.9214389034554482
-0.9331076575556188,0.1893939393939394,-0.3774093168740245,-0.9195224276255095
-0.9330502282813651,0.1590909090909091,-0.32477186864327057,-0.924101009405544
-0.9323307670955783,0.32575757575757575,-0.6015954384244481,-0.9245822577767739
-0.9323164097770149,0.2196969696969697,-0.4231470462695844,-0.9148595163535143
-0.9311742053224175,0.24242424242424243,-0.4544141492874653,-0.913960923597686
-0.93034307610336,0.1893939393939394,-0.37663678614948726,-0.9208807425150746
-0.92998892891213,0.3484848484848485,-0.631142978890602,-0.9273377387884867
-0.9287191038480804,0.16666666666666666,-0.34148050697850446,-0.9172451971011473
-0.9287191038480804,0.16666666666666666,-0.34148050697850446,-0.9172451971011473
-0.9280028331775299,0.23484848484848486,-0.4458741125358152,-0.9150684476154243
-0.9266835551273176,0.21212121212121213,-0.41112606690674613,-0.9101810399676096
-0.9261092623847825,0.45454545454545453,-0.7806778056054181,-0.9123631404892444
-0.9257535199359345,0.4696969696969697,-0.7933220857418102,-0.9128794900797393
-0.9256227088112459,0.3409090909090909,-0.6113974718051508,-0.9064728148999837
-0.9250914880244011,0.4772727272727273,-0.8043076585218707,-0.9088440411737186
-0.9246894831046266,0.4393939393939394,-0.7690616404415571,-0.9117933845791759
-0.9246894831046266,0.4393939393939394,-0.7690616404415571,-0.9117933845791759
-0.9246894831046266,0.4393939393939394,-0.7690616404415571,-0.9117933845791759
-0.9246894831046266,0.4393939393939394,-0.7690616404415571,-0.9117933845791759
-0.9246894831046266,0.4393939393939394,-0.7690616404415571,-0.9117933845791759
-0.9243672410657597,0.19696969696969696,-0.38423747963513355,-0.9061230564635488
-0.9239141879022044,0.13636363636363635,-0.25020832020713835,-0.9083111641988167
-0.9239094021293499,0.25757575757575757,-0.4812911905245338,-0.9051265766964126
-0.9214016571536138,0.22727272727272727,-0.4350822091855661,-0.9018067043773985
-0.9197473750035894,0.30303030303030304,-0.5632114773249547,-0.9159430337085392
-0.9193453700838148,0.3181818181818182,-0.588574884460957,-0.9188879895888458
-0.9184727641666852,0.29545454545454547,-0.5528536308446786,-0.9170539365921679
-0.917844232665133,0.3484848484848485,-0.6333103339305378,-0.9068825999956021
-0.9176161108257372,0.42424242424242425,-0.7292565663418479,-0.9163517002526109
-0.9174517992910676,0.4015151515151515,-0.7058608094018937,-0.9161373790440268
-0.9174517992910676,0.4015151515151515,-0.7058608094018937,-0.9161373790440268
-0.9174517992910676,0.4015151515151515,-0.7058608094018937,-0.9161373790440268
-0.9160017101161666,0.3712121212121212,-0.6708739180692547,-0.9049340760723588
-0.9153045825370338,0.23484848484848486,-0.4503146640441163,-0.9154052937863713
-0.9153045825370338,0.23484848484848486,-0.4503146640441163,-0.9154052937863713
-0.9153045825370338,0.23484848484848486,-0.4503146640441163,-0.9154052937863713
-0.914980745240549,0.45454545454545453,-0.7929062092610322,-0.9040370238669069
-0.9147590044316256,0.20454545454545456,-0.39921882631729366,-0.8942247752119998
-0.913551394414684,0.23484848484848486,-0.4508943206204633,-0.9111990713503955
-0.9134748220490128,0.3409090909090909,-0.6203664567216112,-0.9030629109352891
-0.9134748220490128,0.3409090909090909,-0.6203664567216112,-0.9030629109352891
-0.9123645227467785,0.25757575757575757,-0.48158085669232364,-0.8903878353948397
-0.909520178413612,0.3484848484848485,-0.6357297278826618,-0.9000352555864672
-0.9094483918207952,0.36363636363636365,-0.6569244315025563,-0.8950924310642624
-0.9066439289280825,0.4090909090909091,-0.7173864022300844,-0.907383816829287
-0.9056245593100829,0.14393939393939395,-0.26194824047044785,-0.8844758824818921
-0.9036241062569195,0.25757575757575757,-0.4898957452281237,-0.9047993984164198
-0.9024547824228135,0.21212121212121213,-0.4147345333613162,-0.9047512885500211
-0.9011833621011457,0.2196969696969697,-0.42677373081321146,-0.9032286179990643
-0.9011833621011457,0.2196969696969697,-0.42677373081321146,-0.9032286179990643
-0.9011833621011457,0.2196969696969697,-0.42677373081321146,-0.9032286179990643
-0.900830810167534,0.30303030303030304,-0.5643257102628204,-0.9011710476174375
-0.8942360151740905,0.4166666666666667,-0.7290133411071688,-0.896580345073948
-0.8912050256996003,0.19696969696969696,-0.39267083536114994,-0.895909144791402
-0.886502206241286,0.26515151515151514,-0.5020196993317132,-0.8885179963539043
-0.8805391332646308,0.4393939393939394,-0.7706403313280782,-0.877816604275425
-0.872749490315191,0.22727272727272727,-0.43857910218079127,-0.8790724854589751
-0.8647221539806463,0.38636363636363635,-0.6933849580441181,-0.8577033693944824
-0.8622782193096363,0.20454545454545456,-0.4097678916694368,-0.8707707237424811
-0.8622782193096363,0.20454545454545456,-0.4097678916694368,-0.8707707237424811
-0.861397637104416,0.4090909090909091,-0.7246085454788709,-0.868559952067106
-0.861397637104416,0.4090909090909091,-0.7246085454788709,-0.868559952067106
-0.8611296338245664,0.4393939393939394,-0.7707189922312998,-0.862004830231674
-0.8599603099904604,0.4393939393939394,-0.771932254236359,-0.86183467702279
-0.857742901901228,0.2803030303030303,-0.5264477709652013,-0.8615068359613574
-0.8458295180088633,0.1893939393939394,-0.379435941337707,-0.8557512606914996
-0.8417695873706645,0.17424242424242425,-0.35620733997449655,-0.8532204665029712
-0.8412862243123642,0.4090909090909091,-0.7311202905431329,-0.8462602474322363
-0.8412766527666553,0.17424242424242425,-0.36169505604877816,-0.8525870128541093
-0.8409129340297165,0.18181818181818182,-0.3679269775475453,-0.8524513761247726
-0.8392044131206748,0.3787878787878788,-0.684027285058473,-0.8420711841764473
-0.82240315988629,0.1893939393939394,-0.3877391532583925,-0.8361488675696607
-0.7653088897326029,0.2727272727272727,-0.5167072586013132,-0.7743900673137132
-0.7641953999151323,0.2727272727272727,-0.5147301646337661,-0.7759456664412713
-0.7612138634268049,0.25757575757575757,-0.4909472766937365,-0.771444018575765
-0.7568428575530662,0.21212121212121213,-0.4186364179954605,-0.7711883519474627
-0.7568428575530662,0.21212121212121213,-0.4186364179954605,-0.7711883519474627
-0.7508957371525927,0.23484848484848486,-0.45549090688804583,-0.7629219701162147
-0.745342645383803,0.2196969696969697,-0.43031322471906813,-0.7596603229249219
-0.739910793193993,0.25,-0.47738103618308503,-0.750454424071318
-0.7309853268204283,0.24242424242424243,-0.4742904246588432,-0.7429011122251499
\,n
-0.956983878326511,0.30303030303030304,-0.5607707963683314,-0.9513236648543968
-0.9565419919662826,0.29545454545454547,-0.4866068346100939,-0.9514868234957272
-0.9565068962986832,0.3484848484848485,-0.587758824726065,-0.9518888758590045
-0.9565068962986832,0.3484848484848485,-0.587758824726065,-0.9518888758590045
-0.9563936330077945,0.24242424242424243,-0.4433902278575146,-0.9524873793685391
-0.9563936330077945,0.24242424242424243,-0.4433902278575146,-0.9524873793685391
-0.9563936330077945,0.24242424242424243,-0.4433902278575146,-0.9524873793685391
-0.9560059854065833,0.3560606060606061,-0.6297547598888461,-0.9506295925183702
-0.955763506248624,0.3712121212121212,-0.6303811710143926,-0.9506076696997554
-0.9553918112235945,0.3787878787878788,-0.6416805904607208,-0.9499679649330004
-0.9550711644423457,0.3484848484848485,-0.6184686241412516,-0.9501404796961894
-0.9544649665474477,0.2878787878787879,-0.4886012288522731,-0.9500845329991059
-0.9543788226360675,0.3181818181818182,-0.5830069784609851,-0.9496727982162765
-0.95319354622578,0.4015151515151515,-0.6660990900476034,-0.9485535980969997
-0.95319354622578,0.4015151515151515,-0.6660990900476034,-0.9485535980969997
-0.9529271382035485,0.4318181818181818,-0.7249340288081998,-0.946720388361024
-0.9529271382035485,0.4318181818181818,-0.7249340288081998,-0.946720388361024
-0.9529271382035485,0.4318181818181818,-0.7249340288081998,-0.946720388361024
-0.9519572215717116,0.4166666666666667,-0.7150782219562436,-0.946626586506346
-0.9515344783029012,0.3106060606060606,-0.5717400855615031,-0.9451843181111066
-0.9510814251393458,0.4015151515151515,-0.6733934975639536,-0.947544122624361
-0.9507129206295525,0.2727272727272727,-0.5193190065800338,-0.9441050275160899
-0.9501370326293994,0.23484848484848486,-0.4165473086377789,-0.9555848648453467
-0.9501146990227451,0.3560606060606061,-0.6397307174851883,-0.944643457102373
-0.9500237693385105,0.36363636363636365,-0.6546276892710519,-0.9408571857861918
-0.9497733138924604,0.3106060606060606,-0.572150259439651,-0.940238217477166
-0.949757361316279,0.3409090909090909,-0.6138537026847902,-0.9390512675748115
-0.9496217644187359,0.3333333333333333,-0.6045709348176649,-0.9439950467041724
-0.9496217644187359,0.3333333333333333,-0.6045709348176649,-0.9439950467041724
-0.9495435967954465,0.36363636363636365,-0.651450355058237,-0.9441864853252584
-0.9494223572164668,0.3939393939393939,-0.6695504954639174,-0.9441741182350101
-0.9494016188674309,0.2803030303030303,-0.46357100409546015,-0.9548955911710519
-0.9491862590889802,0.22727272727272727,-0.40478678640675014,-0.9538476794442954
-0.9489517562191119,0.21212121212121213,-0.3929053667369365,-0.9544399910818706
-0.9489517562191119,0.21212121212121213,-0.3929053667369365,-0.9544399910818706
-0.9487523490168428,0.25,-0.45188265919398,-0.9546256676798143
-0.9483726777037225,0.32575757575757575,-0.6039978958328339,-0.9381212926732303
-0.9482562238975972,0.45454545454545453,-0.7367301242597672,-0.9414686665236084
-0.9482562238975972,0.45454545454545453,-0.7367301242597672,-0.9414686665236084
-0.9482051756538163,0.38636363636363635,-0.6778056474090057,-0.9406708703426944
-0.9480009826786928,0.3181818181818182,-0.5916800210512712,-0.937492206588979
-0.9480009826786928,0.3181818181818182,-0.5916800210512712,-0.937492206588979
-0.9480009826786928,0.3181818181818182,-0.5916800210512712,-0.937492206588979
-0.9480009826786928,0.3181818181818182,-0.5916800210512712,-0.937492206588979
-0.9479658870110934,0.24242424242424243,-0.43983348106872533,-0.9531103286384977
-0.9473517128281046,0.3939393939393939,-0.6855562412820255,-0.9372277469631639
-0.9465971559747184,0.45454545454545453,-0.7368263434248346,-0.9381318997367316
-0.9465971559747184,0.45454545454545453,-0.7368263434248346,-0.9381318997367316
-0.946562060307119,0.4318181818181818,-0.7440346956290081,-0.9385222216973751
-0.946562060307119,0.4318181818181818,-0.7440346956290081,-0.9385222216973751
-0.9463546768167591,0.4621212121212121,-0.7485500698344812,-0.9381059741992029
-0.9459654339579299,0.36363636363636365,-0.6446188857536856,-0.9452092523393905
-0.9455123807943744,0.2727272727272727,-0.5059673540819727,-0.9475708340184305
-0.9448136579576236,0.30303030303030304,-0.5649372868189007,-0.9375449619099977
-0.9445552262234829,0.36363636363636365,-0.6552892604321668,-0.9363375734620373
-0.9444371771597395,0.26515151515151514,-0.49851976477901455,-0.9486654117668464
-0.9443558190212138,0.4621212121212121,-0.7603059995606237,-0.9365118404150057
-0.9435757380459371,0.3181818181818182,-0.5839962815899079,-0.9445450311703906
-0.9430796129266916,0.29545454545454547,-0.5520093970780211,-0.9316790687706045
-0.9426329407936087,0.2878787878787879,-0.5374496419249192,-0.9434387786475695
-0.9426185834750453,0.23484848484848486,-0.43044119800412206,-0.9484624902651624
-0.942280388859997,0.30303030303030304,-0.5614177829649308,-0.9412094445483553
-0.9421926496909986,0.22727272727272727,-0.4186928787498088,-0.9498356988528853
-0.9420634338239282,0.42424242424242425,-0.7192635253005271,-0.9340993599489849
-0.9419645278516028,0.3106060606060606,-0.5731604738273711,-0.9447614999929166
-0.9417411917850613,0.3106060606060606,-0.5794839894503442,-0.9431362551889094
-0.9417188581784073,0.24242424242424243,-0.4630168094761252,-0.9475503219512715
-0.9415162604609019,0.4090909090909091,-0.694476775024265,-0.935405515192382
-0.9411908279067986,0.2803030303030303,-0.5218527237090848,-0.9472871127664058
-0.9411908279067986,0.2803030303030303,-0.5218527237090848,-0.9472871127664058
-0.9397630723385519,0.25757575757575757,-0.4866763915829985,-0.9461100365355686
-0.9397630723385519,0.25757575757575757,-0.4866763915829985,-0.9461100365355686
-0.9397630723385519,0.25757575757575757,-0.4866763915829985,-0.9461100365355686
-0.9397630723385519,0.25757575757575757,-0.4866763915829985,-0.9461100365355686
-0.9397630723385519,0.25757575757575757,-0.4866763915829985,-0.9461100365355686
-0.9391441123827087,0.2196969696969697,-0.4069982661534588,-0.9420301246249536
-0.9385155808811565,0.3560606060606061,-0.6477370196073263,-0.9313437524542527
-0.9376716896011537,0.24242424242424243,-0.46839724381683745,-0.9345525869336373
-0.9376716896011537,0.24242424242424243,-0.46839724381683745,-0.9345525869336373
-0.9376716896011537,0.24242424242424243,-0.46839724381683745,-0.9345525869336373
-0.9376716896011537,0.24242424242424243,-0.46839724381683745,-0.9345525869336373
-0.9372186364375983,0.26515151515151514,-0.49883171030880186,-0.9368477485877384
-0.936912346974913,0.2803030303030303,-0.5241093115610028,-0.9321184947006818
-0.9367815358502245,0.30303030303030304,-0.5675091586096358,-0.9403459242021324
-0.9360971703320369,0.29545454545454547,-0.5556289270862437,-0.9404572553302842
-0.9356744270632265,0.25757575757575757,-0.4871171510311864,-0.9390163181827876
-0.934447673954867,0.29545454545454547,-0.5561526485063669,-0.928898249152756
-0.934447673954867,0.29545454545454547,-0.5561526485063669,-0.928898249152756
-0.9341637180988358,0.38636363636363635,-0.6897951587922466,-0.9200345856692607
-0.9310226558486929,0.4621212121212121,-0.7753583306427874,-0.9175464740829786
-0.9306318177322456,0.4015151515151515,-0.7014002535229494,-0.9184458986706178
-0.9300431676711471,0.2803030303030303,-0.5333496396935976,-0.9254249792676901
-0.9282612649116706,0.3712121212121212,-0.671705160647338,-0.9162373887804971
-0.9274732076483031,0.4090909090909091,-0.7011758772810736,-0.9233441042486268
-0.9210028427490755,0.38636363636363635,-0.690816632977071,-0.9021266401297361
-0.9205928615412102,0.4015151515151515,-0.7121151781290652,-0.9044929214206743
-0.9199164723111135,0.3484848484848485,-0.635501318276329,-0.9193567454920524
-0.9193517511142875,0.2196969696969697,-0.4074541793562714,-0.9280253205176632
-0.9193517511142875,0.2196969696969697,-0.4074541793562714,-0.9280253205176632
-0.9193405843109603,0.3409090909090909,-0.6159639946216026,-0.9156914038852452
-0.9193405843109603,0.3409090909090909,-0.6159639946216026,-0.9156914038852452
-0.91557577633212,0.4090909090909091,-0.7238583815309138,-0.9061624858364554
-0.9123485701705969,0.4318181818181818,-0.7475401418289308,-0.9032497102064563
-0.9072086501249086,0.4318181818181818,-0.7583224779515884,-0.8852544081389552
-0.9072086501249086,0.4318181818181818,-0.7583224779515884,-0.8852544081389552
-0.9065290703795756,0.38636363636363635,-0.6933422687632388,-0.8884386155274255
-0.9059771112436947,0.4015151515151515,-0.7167132717279717,-0.8865333679629308
-0.9059771112436947,0.4015151515151515,-0.7167132717279717,-0.8865333679629308
-0.9057346320857356,0.45454545454545453,-0.7827785388116748,-0.8864966480241596
-0.9041074693152198,0.4090909090909091,-0.7242359880964991,-0.8855197254126677
-0.9028583826002061,0.4318181818181818,-0.7594554737749141,-0.8800611205615632
-0.9006505460566827,0.3939393939393939,-0.7078313887543409,-0.8862224929982178
-0.9006505460566827,0.3939393939393939,-0.7078313887543409,-0.8862224929982178
-0.898272016948017,0.4015151515151515,-0.7122507396845882,-0.8970654970936954
-0.8944593512406318,0.36363636363636365,-0.6557451736349794,-0.8980519184965132
-0.8924780412788862,0.26515151515151514,-0.5097223560207418,-0.9029588177193303
-0.8924780412788862,0.26515151515151514,-0.5097223560207418,-0.9029588177193303
-0.8924780412788862,0.26515151515151514,-0.5097223560207418,-0.9029588177193303
-0.8870509748619304,0.25757575757575757,-0.49216816953079034,-0.8928330129758943
-0.8806906827383554,0.25,-0.4822539325503242,-0.8876213027444004
\,n
-0.9598122700834958,0.24242424242424243,-0.4546474119432964,-0.9546124532376131
-0.9587833289197872,0.25757575757575757,-0.4924743500091761,-0.9531017958186196
-0.958697185008407,0.21212121212121213,-0.40074666951557547,-0.9526884813274109
-0.958697185008407,0.21212121212121213,-0.40074666951557547,-0.9526884813274109
-0.958697185008407,0.21212121212121213,-0.40074666951557547,-0.9526884813274109
-0.9584196101828484,0.32575757575757575,-0.5907230566870313,-0.9530706730979566
-0.9580207957783102,0.24242424242424243,-0.4677834177549166,-0.9534428043997527
-0.9580128194902195,0.3560606060606061,-0.6362232341777981,-0.9528325494430097
-0.9580128194902195,0.3560606060606061,-0.6362232341777981,-0.9528325494430097
-0.9573986453072307,0.26515151515151514,-0.5089692413388552,-0.9521704018357254
-0.9570700222378912,0.4015151515151515,-0.6831760590368062,-0.9517361898685146
-0.9551955945365617,0.30303030303030304,-0.5657869858483306,-0.9473345650854585
-0.9549339722871846,0.19696969696969696,-0.3768439890620168,-0.9489180420463693
-0.9548909003314945,0.1893939393939394,-0.365109374118402,-0.9487127759565346
-0.9548909003314945,0.1893939393939394,-0.365109374118402,-0.9487127759565346
-0.9548909003314945,0.1893939393939394,-0.365109374118402,-0.9487127759565346
-0.9538779117439675,0.23484848484848486,-0.4607288045287202,-0.9484171191228543
-0.9538779117439675,0.23484848484848486,-0.4607288045287202,-0.9484171191228543
-0.9536354325860084,0.21212121212121213,-0.4044538226775012,-0.9483942572436366
-0.9530100915996924,0.2803030303030303,-0.5094759857239414,-0.9499478436932818
-0.9511978789454709,0.24242424242424243,-0.4693666837696875,-0.9441532323677602
-0.950133842114163,0.3333333333333333,-0.6139890563607431,-0.9430512770912591
-0.9489453751886392,0.3333333333333333,-0.6124553636589547,-0.9447239806886907
-0.9486039900583545,0.42424242424242425,-0.7286597973595869,-0.9403164751206599
-0.9484907267674656,0.44696969696969696,-0.7464581254044013,-0.9408985330115684
-0.9478797430997132,0.2878787878787879,-0.5425016339610017,-0.9374796113594485
-0.947618120850336,0.36363636363636365,-0.6618251034332009,-0.9390284655849229
-0.9474346662242485,0.4090909090909091,-0.7077112717708064,-0.9403921927531077
-0.9471810202629622,0.44696969696969696,-0.744705597612425,-0.9425468227424749
-0.9471810202629622,0.44696969696969696,-0.744705597612425,-0.9425468227424749
-0.9471810202629622,0.44696969696969696,-0.744705597612425,-0.9425468227424749
-0.9468986596645492,0.4772727272727273,-0.7625693475529017,-0.9395446621925276
-0.9466673473099171,0.3787878787878788,-0.6648827964627653,-0.9373521109754823
-0.9464838926838295,0.4090909090909091,-0.716458056907769,-0.9387110073846991
-0.9464248681519578,0.3787878787878788,-0.6826274523713886,-0.9373262715047705
-0.9464248681519578,0.3787878787878788,-0.6826274523713886,-0.9373262715047705
-0.9464089155757763,0.42424242424242425,-0.7326232090795288,-0.9361458681058932
-0.9463977487724493,0.49242424242424243,-0.780874441155032,-0.9383075756132626
-0.9462844854815604,0.36363636363636365,-0.6642037528463686,-0.938886836095982
-0.9462414135258703,0.29545454545454547,-0.5598304657037206,-0.938684994922114
-0.9462095083735071,0.3560606060606061,-0.6503077295553389,-0.9363208701646051
-0.9460930545673821,0.48484848484848486,-0.7727166568824695,-0.93965584104144
-0.9458856710770223,0.4015151515151515,-0.7000347777399187,-0.9392384532078786
-0.9454437847167939,0.3560606060606061,-0.6493115970586009,-0.9393878261304501
-0.9453145688497235,0.49242424242424243,-0.7843846909927991,-0.9387816968033367
-0.9451422810269631,0.45454545454545453,-0.7572791661752484,-0.9379746442386174
-0.9449779694922933,0.32575757575757575,-0.6061739688073929,-0.9377597829806771
-0.9449779694922933,0.32575757575757575,-0.6061739688073929,-0.9377597829806771
-0.9449396833094577,0.4318181818181818,-0.726589476172068,-0.9409148645431376
-0.9447705860019334,0.5,-0.7969582595556224,-0.9373435409284807
-0.9447275140462433,0.42424242424242425,-0.7347631505098992,-0.9371421965420397
-0.9447275140462433,0.42424242424242425,-0.7347631505098992,-0.9371421965420397
-0.9443398664450322,0.45454545454545453,-0.7666616184573006,-0.9353334493177596
-0.9443366759297959,0.3939393939393939,-0.6872668574627236,-0.9380826913076871
-0.9441340782122905,0.32575757575757575,-0.6005751321355627,-0.9410235380956287
-0.9438692654476771,0.2878787878787879,-0.5478059479166955,-0.9304043571437963
-0.9435230945445381,0.4621212121212121,-0.772504459469407,-0.9375980044168721
-0.9430269694252924,0.4393939393939394,-0.7329572783581118,-0.939710853555475
-0.9429759211815116,0.25757575757575757,-0.5003517437611698,-0.9389151116687391
-0.9423298418461596,0.49242424242424243,-0.7852902254452928,-0.9358912822729146
-0.9423298418461596,0.49242424242424243,-0.7852902254452928,-0.9358912822729146
-0.9419310274416215,0.2878787878787879,-0.5479502341803286,-0.9362376241478036
-0.9419310274416215,0.2878787878787879,-0.5479502341803286,-0.9362376241478036
-0.9419310274416215,0.2878787878787879,-0.5479502341803286,-0.9362376241478036
-0.9419310274416215,0.2878787878787879,-0.5479502341803286,-0.9362376241478036
-0.9419310274416215,0.2878787878787879,-0.5479502341803286,-0.9362376241478036
-0.9414476643833213,0.3106060606060606,-0.5831423905982009,-0.9274224615317268
-0.9410663978125827,0.44696969696969696,-0.7549132992029874,-0.9349615668431888
-0.9385442955182832,0.3484848484848485,-0.6394129300114081,-0.9364230528492923
-0.9385442955182832,0.3484848484848485,-0.6394129300114081,-0.9364230528492923
-0.9385442955182832,0.3484848484848485,-0.6394129300114081,-0.9364230528492923
-0.9374802586869753,0.3409090909090909,-0.6272299269481527,-0.9353113012832769
-0.9374802586869753,0.3409090909090909,-0.6272299269481527,-0.9353113012832769
-0.9358530959164595,0.1893939393939394,-0.3814947622443094,-0.9343234458147458
-0.9337952135890425,0.19696969696969696,-0.3940545642757667,-0.9313302642432528
-0.9337952135890425,0.19696969696969696,-0.3940545642757667,-0.9313302642432528
-0.9325939846025735,0.18181818181818182,-0.3529204901858975,-0.9290414470873095
-0.9325939846025735,0.18181818181818182,-0.3529204901858975,-0.9290414470873095
-0.9325939846025735,0.18181818181818182,-0.3529204901858975,-0.9290414470873095
-0.9325939846025735,0.18181818181818182,-0.3529204901858975,-0.9290414470873095
-0.9325939846025735,0.18181818181818182,-0.3529204901858975,-0.9290414470873095
-0.9325939846025735,0.18181818181818182,-0.3529204901858975,-0.9290414470873095
-0.9325939846025735,0.18181818181818182,-0.3529204901858975,-0.9290414470873095
-0.9316783067297538,0.21212121212121213,-0.41812331909203937,-0.9269914166979918
-0.9282772174878522,0.4166666666666667,-0.7351076196534264,-0.917375273858184
-0.9278975461747317,0.4318181818181818,-0.7469890393232401,-0.9161885810472514
-0.92729453879507,0.3409090909090909,-0.6276644967647692,-0.927916616937678
-0.9251457267834182,0.32575757575757575,-0.6062416662460162,-0.9069745625279223
-0.9244996474480663,0.20454545454545456,-0.40873826492875204,-0.9183579025854774
-0.9244996474480663,0.20454545454545456,-0.40873826492875204,-0.9183579025854774
-0.9206455050426093,0.4621212121212121,-0.7768851837987424,-0.911026591655139
-0.9202833815632887,0.48484848484848486,-0.7864623423531475,-0.902588116778986
-0.9202833815632887,0.48484848484848486,-0.7864623423531475,-0.902588116778986
-0.9145755498055381,0.3484848484848485,-0.6404848722740232,-0.8954917042239504
-0.9139565898496949,0.4393939393939394,-0.7534975121153641,-0.9057199218857767
-0.9136215857498827,0.3560606060606061,-0.6540024030715025,-0.9104697071697343
-0.912361332231542,0.4393939393939394,-0.7676035412661144,-0.8929651766852866
-0.9108059560538431,0.3409090909090909,-0.6298523201016341,-0.9109055753707528
-0.907117720440674,0.25,-0.4844557066667395,-0.9094909688261145
-0.9066758340804456,0.32575757575757575,-0.6066368611167356,-0.909590927169831
-0.9043435674427063,0.25,-0.4849530223889807,-0.9043925913443868
-0.9038187276863341,0.49242424242424243,-0.7868869408049105,-0.901569394566102
-0.9038187276863341,0.49242424242424243,-0.7868869408049105,-0.901569394566102
-0.9026031413813016,0.3787878787878788,-0.6893784335043235,-0.9038731932955374
-0.894826260492807,0.22727272727272727,-0.445247024914747,-0.8956402888623348
-0.8943971361935239,0.2196969696969697,-0.43455336761432567,-0.8992857142857142
-0.8893353837711252,0.30303030303030304,-0.566096582944902,-0.8947742506744463
-0.8807257784059548,0.22727272727272727,-0.448818411269566,-0.8872866776768511
-0.8807257784059548,0.22727272727272727,-0.448818411269566,-0.8872866776768511
-0.8591275855137847,0.2727272727272727,-0.519644058560104,-0.8502185326415714
-0.8584703393751056,0.24242424242424243,-0.47269098512320457,-0.8617229807669857
-0.8584703393751056,0.24242424242424243,-0.47269098512320457,-0.8617229807669857
-0.8432595579860191,0.2196969696969697,-0.43662952733706145,-0.853464459180598
-0.8432595579860191,0.2196969696969697,-0.43662952733706145,-0.853464459180598
-0.8389667197355701,0.24242424242424243,-0.47282289739228334,-0.8445527889994433
-0.8329270743932438,0.23484848484848486,-0.4609426658688913,-0.8391184829907681
-0.8329270743932438,0.23484848484848486,-0.4609426658688913,-0.8391184829907681
-0.8329270743932438,0.23484848484848486,-0.4609426658688913,-0.8391184829907681
-0.8329270743932438,0.23484848484848486,-0.4609426658688913,-0.8391184829907681
-0.8329270743932438,0.23484848484848486,-0.4609426658688913,-0.8391184829907681
\,n
-0.9582712512243603,0.3484848484848485,-0.6323101612501604,-0.9540748649772273
-0.957578909418082,0.3409090909090909,-0.6204299297267685,-0.9536079682754788
-0.9574066215953214,0.42424242424242425,-0.7098929160299071,-0.9527798226023563
-0.9571561661492715,0.2878787878787879,-0.534559220811609,-0.9521491028217921
-0.9562644171407241,0.23484848484848486,-0.4525756014053258,-0.9518672282491377
-0.9562644171407241,0.23484848484848486,-0.4525756014053258,-0.9518672282491377
-0.9562644171407241,0.23484848484848486,-0.4525756014053258,-0.9518672282491377
-0.9562644171407241,0.23484848484848486,-0.4525756014053258,-0.9518672282491377
-0.9562644171407241,0.23484848484848486,-0.4525756014053258,-0.9518672282491377
-0.9560570336503642,0.2878787878787879,-0.5377755593480146,-0.9514434024873284
-0.9555290033787557,0.42424242424242425,-0.7122777281617554,-0.9511932160315433
-0.9555290033787557,0.42424242424242425,-0.7122777281617554,-0.9511932160315433
-0.9552945005088872,0.25,-0.47683705510284663,-0.9517797241112369
-0.9544841096388655,0.29545454545454547,-0.5519389173887936,-0.948473851107642
-0.9544027515003398,0.29545454545454547,-0.5464215559026863,-0.9514951871597914
-0.9525203475109196,0.32575757575757575,-0.5991850522780454,-0.946480850763225
-0.9518981970398399,0.3484848484848485,-0.6330777178357622,-0.9452199829986063
-0.9516206222142813,0.4015151515151515,-0.6744914663888489,-0.9455925661285896
-0.951323904297305,0.24242424242424243,-0.46684064506056616,-0.9475680475374845
-0.9509394472113302,0.32575757575757575,-0.5995869580799963,-0.942933047887532
-0.9490187570390742,0.4015151515151515,-0.7162161064304785,-0.9411510942760943
-0.9489485657038755,0.4090909090909091,-0.6863716979122411,-0.9419370907950522
-0.9488113735487145,0.3712121212121212,-0.6697226287140616,-0.9407336525715704
-0.9486486572716628,0.32575757575757575,-0.6017799792163233,-0.946695756579101
-0.9485194414045924,0.3712121212121212,-0.6712160492382903,-0.9460806003445958
-0.9485194414045924,0.3712121212121212,-0.6712160492382903,-0.9460806003445958
-0.9485194414045924,0.3712121212121212,-0.6712160492382903,-0.9460806003445958
-0.9482769622466332,0.25,-0.47921977151951695,-0.9460554450147741
-0.9482769622466332,0.25,-0.47921977151951695,-0.9460554450147741
-0.9482418665790339,0.3333333333333333,-0.6146837401898437,-0.9464529143905871
-0.9481158412271997,0.2878787878787879,-0.5439389821858318,-0.9430430785726909
-0.9481158412271997,0.2878787878787879,-0.5439389821858318,-0.9430430785726909
-0.9477361699140794,0.4318181818181818,-0.7453192478767214,-0.9418109870267337
-0.947512833847538,0.3939393939393939,-0.7048387105837668,-0.9402026231053169
-0.947512833847538,0.3939393939393939,-0.7048387105837668,-0.9402026231053169
-0.9471618771715444,0.2803030303030303,-0.5286583373794853,-0.9441382184076805
-0.946927374301676,0.3560606060606061,-0.6487870820172708,-0.9447124270483371
-0.9467279670994069,0.3787878787878788,-0.6844503153576738,-0.9448910722456658
-0.9467104192656073,0.4166666666666667,-0.7393779076817806,-0.9375534013830104
-0.9464328444400486,0.42424242424242425,-0.7471324438752625,-0.9379174290570788
-0.9464328444400486,0.42424242424242425,-0.7471324438752625,-0.9379174290570788
-0.9459478861241302,0.38636363636363635,-0.6928606804516887,-0.937865336011924
-0.9459399098360395,0.3484848484848485,-0.634646520926444,-0.9372742511403542
-0.9458888615922585,0.4318181818181818,-0.7590126753986546,-0.9364828048790586
-0.9458888615922585,0.4318181818181818,-0.7590126753986546,-0.9364828048790586
-0.9458888615922585,0.4318181818181818,-0.7590126753986546,-0.9364828048790586
-0.9455426906891193,0.3106060606060606,-0.577382694831691,-0.9437643577909514
-0.9455426906891193,0.3106060606060606,-0.577382694831691,-0.9437643577909514
-0.9453002115311602,0.3181818181818182,-0.5894096966808584,-0.9437378324215058
-0.9444579155087756,0.29545454545454547,-0.5545661652602022,-0.9380961485352537
-0.9439298852371669,0.4090909090909091,-0.7281170735814766,-0.9378404530878612
-0.9439155279186036,0.3106060606060606,-0.5779813566271733,-0.9427869946148253
-0.9437512163839339,0.3106060606060606,-0.5782774295016553,-0.9425694596270129
-0.9437512163839339,0.3106060606060606,-0.5782774295016553,-0.9425694596270129
-0.9437512163839339,0.3106060606060606,-0.5782774295016553,-0.9425694596270129
-0.9433013537356147,0.3712121212121212,-0.6725700838342819,-0.942120783530349
-0.9428084191316055,0.3106060606060606,-0.578422281421421,-0.9414686159944543
-0.9427063226440437,0.3484848484848485,-0.636197929831849,-0.9398719140367919
-0.9426441075969358,0.3484848484848485,-0.6378015092372102,-0.9412513190094518
-0.9424447003946668,0.3712121212121212,-0.6728661567087638,-0.9414268585665126
-0.9424447003946668,0.3712121212121212,-0.6728661567087638,-0.9414268585665126
-0.94241598575754,0.3106060606060606,-0.5793956800199394,-0.9362934118907685
-0.94241598575754,0.3106060606060606,-0.5793956800199394,-0.9362934118907685
-0.9423808900899406,0.30303030303030304,-0.5675154484965473,-0.9366819612617562
-0.9423808900899406,0.30303030303030304,-0.5675154484965473,-0.9366819612617562
-0.9414572359290302,0.44696969696969696,-0.7697066818813546,-0.9340295498586675
-0.9414572359290302,0.44696969696969696,-0.7697066818813546,-0.9340295498586675
-0.9413998066547766,0.22727272727272727,-0.44261280840034006,-0.9387330297494313
-0.9397917869756787,0.3333333333333333,-0.6151214000325881,-0.9361819303992783
-0.9395875940005551,0.2727272727272727,-0.5135731843790946,-0.9330292440466399
-0.9395875940005551,0.2727272727272727,-0.5135731843790946,-0.9330292440466399
-0.9393818057678135,0.30303030303030304,-0.5673806049290924,-0.938689894102549
-0.9393818057678135,0.30303030303030304,-0.5673806049290924,-0.938689894102549
-0.9393818057678135,0.30303030303030304,-0.5673806049290924,-0.938689894102549
-0.9393818057678135,0.30303030303030304,-0.5673806049290924,-0.938689894102549
-0.9391696365045992,0.3409090909090909,-0.6272399667424128,-0.9349316233738345
-0.9379795743214572,0.26515151515151514,-0.5043670246689654,-0.9305022877260578
-0.9379795743214572,0.26515151515151514,-0.5043670246689654,-0.9305022877260578
-0.9378120722715512,0.3333333333333333,-0.6152084416554895,-0.9330087439505089
-0.9368421556397143,0.26515151515151514,-0.5065128964219436,-0.9328882046320168
-0.9368421556397143,0.26515151515151514,-0.5065128964219436,-0.9328882046320168
-0.9356568792294268,0.4015151515151515,-0.7162368420580844,-0.9317656633042639
-0.9356568792294268,0.4015151515151515,-0.7162368420580844,-0.9317656633042639
-0.9356568792294268,0.4015151515151515,-0.7162368420580844,-0.9317656633042639
-0.9356568792294268,0.4015151515151515,-0.7162368420580844,-0.9317656633042639
-0.9356568792294268,0.4015151515151515,-0.7162368420580844,-0.9317656633042639
-0.9345066984867386,0.2727272727272727,-0.521668292216794,-0.9302599029602042
-0.9344125782872676,0.25757575757575757,-0.4946858067264447,-0.9292802271209084
-0.9343344106639782,0.25,-0.4827148082146292,-0.9294634653734875
-0.9333134457883603,0.25,-0.48301088108911117,-0.9285574977013733
-0.926334193708942,0.3560606060606061,-0.6500363306495521,-0.9197584191267245
-0.926334193708942,0.3560606060606061,-0.6500363306495521,-0.9197584191267245
-0.926334193708942,0.3560606060606061,-0.6500363306495521,-0.9197584191267245
-0.926334193708942,0.3560606060606061,-0.6500363306495521,-0.9197584191267245
-0.9241455002568365,0.2196969696969697,-0.43073257687694805,-0.9247629689287014
-0.9217366612534258,0.5075757575757576,-0.7762629777706684,-0.9111871302283905
-0.9209501992476765,0.24242424242424243,-0.4740243096996889,-0.9240732254476173
-0.9206088141173918,0.3560606060606061,-0.6501533003983547,-0.9198444414772083
-0.9197090888207538,0.3560606060606061,-0.6504492973462039,-0.9189463399811547
-0.9189960086654394,0.2196969696969697,-0.431202480600695,-0.9141387211036367
-0.9187551247650982,0.48484848484848486,-0.7988651404012029,-0.9057183990744022
-0.9187551247650982,0.48484848484848486,-0.7988651404012029,-0.9057183990744022
-0.9187551247650982,0.48484848484848486,-0.7988651404012029,-0.9057183990744022
-0.9187551247650982,0.48484848484848486,-0.7988651404012029,-0.9057183990744022
-0.9178474231803694,0.5,-0.8104493749767457,-0.9042858695287509
-0.9178474231803694,0.5,-0.8104493749767457,-0.9042858695287509
-0.9178474231803694,0.5,-0.8104493749767457,-0.9042858695287509
-0.915805493429134,0.49242424242424243,-0.8015606853847688,-0.9025012585637051
-0.915805493429134,0.49242424242424243,-0.8015606853847688,-0.9025012585637051
-0.9146393601102643,0.2803030303030303,-0.5286769722146655,-0.8999270843703372
-0.9121555439988004,0.5,-0.812561141618552,-0.8982614859115635
-0.9103720459817055,0.32575757575757575,-0.6026561465853344,-0.9115672136948731
-0.9096031318097559,0.23484848484848486,-0.459303352841636,-0.90297462205898
-0.9089586477320223,0.4015151515151515,-0.7166180638790334,-0.8919112693502937
-0.9089586477320223,0.4015151515151515,-0.7166180638790334,-0.8919112693502937
-0.887588576679248,0.38636363636363635,-0.6948530538015103,-0.8725234430600863
-0.8870445938314578,0.38636363636363635,-0.6956385068194267,-0.8711921585873503
-0.886513373044613,0.3939393939393939,-0.707500841910504,-0.8733726648684699
-0.8633741612933072,0.19696969696969696,-0.3918347563313122,-0.8738694598316978
-0.8584878872089053,0.30303030303030304,-0.5685658515706995,-0.8676586671505693
\,n
