Framework;Algorithm;Problem;Seed;HV;GD;IGD;;;;
deap;nsga2;dtlz1;1;7.932496953;0.578356559;0.048453874;;;;
deap;nsga2;dtlz1;2;7.909923255;0.409905415;0.047254083;;;;
deap;nsga2;dtlz1;3;7.970922543;0.018758347;0.018260364;;HV;GD;IGD
deap;nsga2;dtlz1;4;7.909324356;0.751002692;0.090602525;Mejor;7.970922543;0.0181446;0.018260364
deap;nsga2;dtlz1;5;7.685556636;0.738972972;0.31654529;Media;7.851806248;0.595119849;0.096919824
deap;nsga2;dtlz1;6;7.861241668;0.964261247;0.09250998;Peor;7.403302821;1.326021743;0.31654529
deap;nsga2;dtlz1;7;7.763471752;1.114574344;0.149015377;;;;
deap;nsga2;dtlz1;8;7.943349417;0.357993772;0.052133794;;;;
deap;nsga2;dtlz1;9;7.957060895;0.156604913;0.040239505;;;;
deap;nsga2;dtlz1;10;7.403302821;1.326021743;0.248615556;;;;
deap;nsga2;dtlz1;11;7.91431918;0.706841581;0.040546034;;;;
deap;nsga2;dtlz1;11;7.9707055;0.0181446;0.0188615;;;;
;;;;;;;;;;
deap;nsga3;dtlz1;1;7.973655692;0.000149985;0.000108068;;;;
deap;nsga3;dtlz1;2;7.973520106;0.003808716;0.002674045;;;;
deap;nsga3;dtlz1;3;7.973678972;0.00041364;0.00015866;;;;
deap;nsga3;dtlz1;4;7.973619773;0.000238789;0.000235531;;;;
deap;nsga3;dtlz1;5;7.971593812;0.009951054;0.009723342;;;;
deap;nsga3;dtlz1;6;7.973638757;0.000458956;0.000322717;;;;
deap;nsga3;dtlz1;7;7.97365892;0.000184264;0.000125244;;;;
deap;nsga3;dtlz1;8;7.973651932;0.000565313;0.000390581;Mejor;7.973678972;0.000149985;0.0000615
deap;nsga3;dtlz1;9;7.97349162;0.00079225;0.0007898;Media;7.973482207;0.001310174;0.001120529
deap;nsga3;dtlz1;10;7.973660058;0.000352069;0.000248232;Peor;7.971593812;0.009951054;0.009723342
deap;nsga3;dtlz1;11;7.973675883;0.000181688;6.46E-05;;;;
deap;nsga3;dtlz1;12;7.973597963;0.000529172;0.000446553;;;;
deap;nsga3;dtlz1;13;7.973313749;0.001900135;0.001637166;;;;
deap;nsga3;dtlz1;14;7.973053743;0.002914391;0.00291367;;;;
deap;nsga3;dtlz1;15;7.973437243;0.00107325;0.001070032;;;;
deap;nsga3;dtlz1;16;7.973603807;0.001698495;0.00112713;;;;
deap;nsga3;dtlz1;17;7.973500939;0.000962764;0.000901181;;;;
deap;nsga3;dtlz1;18;7.973625567;0.001369946;0.000982516;;;;
deap;nsga3;dtlz1;19;7.973665112;0.000441631;0.000285301;;;;
deap;nsga3;dtlz1;20;7.973670536;0.000218926;6.15E-05;;;;
deap;nsga3;dtlz1;21;7.973626178;0.000240086;0.000227262;;;;
deap;nsga3;dtlz1;11;7.9736682;0.0003783;0.0001585;;;;
;;;;;;;;;;
moeadr;moead;dtlz1;1;7.817879239;19.23075356;0.028935429;;;;
moeadr;moead;dtlz1;2;7.815320882;36.74412997;0.026986074;;;;
moeadr;moead;dtlz1;3;7.816021745;16.29240487;0.027108695;;;;
moeadr;moead;dtlz1;4;7.81061281;19.67014705;0.028551801;Mejor;7.944487429;0.106464676;0.025684703
moeadr;moead;dtlz1;5;7.915628656;17.26103365;0.025684703;Media;7.836281703;15.84241454;0.027740651
moeadr;moead;dtlz1;6;7.761786493;13.45410063;0.030299593;Peor;7.761786493;36.74412997;0.030299593
moeadr;moead;dtlz1;7;7.831386999;10.95356658;0.027468572;;;;
moeadr;moead;dtlz1;8;7.825624847;6.709297382;0.027443923;;;;
moeadr;moead;dtlz1;9;7.944487429;0.106464676;0.027437663;;;;
moeadr;moead;dtlz1;10;7.915355603;20.03734107;0.026708437;;;;
moeadr;moead;dtlz1;11;7.765254031;13.35733019;0.029154216;;;;
moeadr;moead;dtlz1;11;7.8160217;16.2924049;0.0271087;;;;
;;;;;;;;;;
pymoo;nsga2;dtlz1;1;7.970361265;0.019738403;0.019363193;;;;
pymoo;nsga2;dtlz1;2;7.970381809;0.019194174;0.021160708;;;;
pymoo;nsga2;dtlz1;3;7.969704607;0.031886612;0.019776138;;;;
pymoo;nsga2;dtlz1;4;7.970506484;0.018489022;0.019613934;;;;
pymoo;nsga2;dtlz1;5;7.968558187;0.017482647;0.021660497;Mejor;7.971371331;0.017482647;0.017371345
pymoo;nsga2;dtlz1;6;7.968695096;0.01939261;0.020840543;Media;7.970054604;0.0199759;0.019866166
pymoo;nsga2;dtlz1;7;7.971371331;0.018564603;0.017371345;Peor;7.968558187;0.031886612;0.021660497
pymoo;nsga2;dtlz1;8;7.970820851;0.018066567;0.018304399;;;;
pymoo;nsga2;dtlz1;9;7.969104857;0.018903871;0.021058303;;;;
pymoo;nsga2;dtlz1;10;7.970242171;0.018781457;0.020458628;;;;
pymoo;nsga2;dtlz1;11;7.970547291;0.019255528;0.019423109;;;;
pymoo;nsga2;dtlz1;11;7.9703613;0.0199553;0.0193632;;;;
;;;;;;;;;;
pymoo;nsga3;dtlz1;1;7.973663234;7.72E-05;6.33E-05;;;;
pymoo;nsga3;dtlz1;2;7.973638735;0.000166323;0.000162973;;;;
pymoo;nsga3;dtlz1;3;7.973662952;6.68E-05;5.25E-05;;;;
pymoo;nsga3;dtlz1;4;7.973580247;0.000406675;0.000405989;;;;
pymoo;nsga3;dtlz1;5;7.973385267;0.001675174;0.000723537;Mejor;7.973667224;5.70E-05;3.98E-05
pymoo;nsga3;dtlz1;6;7.973656437;7.70E-05;5.31E-05;Media;7.9736294;0.000244248;0.000151075
pymoo;nsga3;dtlz1;7;7.973667224;6.37E-05;4.26E-05;Peor;7.973385267;1.68E-03;7.24E-04
pymoo;nsga3;dtlz1;8;7.973658892;9.92E-05;7.72E-05;;;;
pymoo;nsga3;dtlz1;9;7.973652539;7.64E-05;7.08E-05;;;;
pymoo;nsga3;dtlz1;10;7.973660055;9.87E-05;6.86E-05;;;;
pymoo;nsga3;dtlz1;11;7.973664212;5.70E-05;3.98E-05;;;;
pymoo;nsga3;dtlz1;11;7.973663;0.0000668;0.0000525;;;;
;;;;;;;;;;
rmoo;nsga2;dtlz1;1;7.939176479;0.090292403;0.086706248;;;;
rmoo;nsga2;dtlz1;2;7.170644308;0.717830486;0.593506159;;;;
rmoo;nsga2;dtlz1;3;7.969097419;0.018846056;0.023124347;;;;
rmoo;nsga2;dtlz1;4;7.745577853;0.355361958;0.309409373;;;;
rmoo;nsga2;dtlz1;5;7.760088882;0.341755076;0.298852651;Mejor;7.96924545;1.83E-02;2.10E-02
rmoo;nsga2;dtlz1;6;7.173147802;0.715225369;0.597954154;Media;7.778460244;0.223928308;0.194294235
rmoo;nsga2;dtlz1;7;7.968319106;0.018309771;0.024188203;Peor;7.170644308;7.18E-01;5.98E-01
rmoo;nsga2;dtlz1;8;7.96924545;0.019362873;0.021038729;;;;
rmoo;nsga2;dtlz1;9;7.743911364;0.349141712;0.301082461;;;;
rmoo;nsga2;dtlz1;10;7.966273483;0.021271703;0.028406877;;;;
rmoo;nsga2;dtlz1;11;7.968817176;0.019328092;0.021672517;;;;
rmoo;nsga2;dtlz1;11;7.9672236;0.0204142;0.0255891;;;;
;;;;;;;;;;
rmoo;nsga3;dtlz1;1;7.973605449;0.000288606;0.000288055;;;;
rmoo;nsga3;dtlz1;2;7.289315973;0.68399416;0.58126935;;;;
rmoo;nsga3;dtlz1;3;7.789529276;0.332220357;0.292697185;;;;
rmoo;nsga3;dtlz1;4;7.973387919;0.001285305;0.001285159;;;;
rmoo;nsga3;dtlz1;5;2.640882336;1.913199275;1.569519686;Mejor;7.9736625;6.66E-05;5.82E-05
rmoo;nsga3;dtlz1;6;3.253304023;1.762989687;1.450092776;Media;7.047591401;0.419974527;0.350026084
rmoo;nsga3;dtlz1;7;7.973612915;0.00022208;0.000217544;Peor;2.640882336;1.91E+00;1.57E+00
rmoo;nsga3;dtlz1;8;7.973269042;0.001803069;0.001802613;;;;
rmoo;nsga3;dtlz1;9;7.973498108;0.000733403;0.000732429;;;;
rmoo;nsga3;dtlz1;10;7.784572749;0.337422264;0.296880495;;;;
rmoo;nsga3;dtlz1;11;7.972456517;0.005469521;0.005469521;;;;
rmoo;nsga3;dtlz1;11;7.9736625;0.0000666;0.0000582;;;;
;;;;;;;;;;
deap;nsga2;dtlz2;1;15.35844866;0.175377802;0.100572865;;;;
deap;nsga2;dtlz2;2;15.41979412;0.163023812;0.095290672;;;;
deap;nsga2;dtlz2;3;15.41439129;0.174656742;0.090591501;;;;
deap;nsga2;dtlz2;4;15.37252413;0.172230414;0.099650234;;;;
deap;nsga2;dtlz2;5;15.3322574;0.178199784;0.105675704;Mejor;15.41979412;1.60E-01;8.48E-02
deap;nsga2;dtlz2;6;15.32997748;0.166134538;0.104519999;Media;15.37286493;0.171013856;0.098940238
deap;nsga2;dtlz2;7;15.41887656;0.169798031;0.096888574;Peor;15.32960086;1.80E-01;1.06E-01
deap;nsga2;dtlz2;8;15.3890115;0.176389484;0.104212672;;;;
deap;nsga2;dtlz2;9;15.32960086;0.179889341;0.105438825;;;;
deap;nsga2;dtlz2;10;15.36825952;0.17076121;0.098837086;;;;
deap;nsga2;dtlz2;11;15.36532328;0.160212614;0.100814625;;;;
deap;nsga2;dtlz2;11;15.3759144;0.1654925;0.0847901;;;;
;;;;;;;;;;
deap;nsga3;dtlz2;1;15.56839532;0.153135654;0.041454413;;;;
deap;nsga3;dtlz2;2;15.56848608;0.152611227;0.041223328;;;;
deap;nsga3;dtlz2;3;15.56909271;0.153304993;0.041139958;;;;
deap;nsga3;dtlz2;4;15.56833176;0.152611125;0.041382821;;;;
deap;nsga3;dtlz2;5;15.56834875;0.152536482;0.041463354;;;;
deap;nsga3;dtlz2;6;15.56803333;0.152587008;0.041487003;;;;
deap;nsga3;dtlz2;7;15.56836997;0.152276705;0.041477008;Mejor;15.56912402;1.51E-01;4.10E-02
deap;nsga3;dtlz2;8;15.56831949;0.152486975;0.041400464;Media;15.56845815;0.152565603;0.04134407
deap;nsga3;dtlz2;9;15.56839399;0.152631579;0.041382488;Peor;15.56627811;1.54E-01;4.16E-02
deap;nsga3;dtlz2;10;15.56831682;0.152523358;0.041638929;;;;
deap;nsga3;dtlz2;11;15.5683462;0.15265307;0.041395391;;;;
deap;nsga3;dtlz2;12;15.56912402;0.153676764;0.04098102;;;;
deap;nsga3;dtlz2;13;15.5683556;0.152635457;0.041567618;;;;
deap;nsga3;dtlz2;14;15.56831729;0.152655374;0.04145665;;;;
deap;nsga3;dtlz2;15;15.56627811;0.152242056;0.041007756;;;;
deap;nsga3;dtlz2;16;15.56870745;0.150721249;0.041240146;;;;
deap;nsga3;dtlz2;17;15.56858343;0.151742388;0.041462427;;;;
deap;nsga3;dtlz2;18;15.56882503;0.152490047;0.041282048;;;;
deap;nsga3;dtlz2;19;15.56907694;0.153414619;0.0414645;;;;
deap;nsga3;dtlz2;20;15.56877954;0.153281883;0.041388805;;;;
deap;nsga3;dtlz2;21;15.56906544;0.152060354;0.041089814;;;;
deap;nsga3;dtlz2;11;15.5685321;0.1521649;0.0411836;;;;
;;;;;;;;;;
moeadr;moead;dtlz2;1;15.16749609;0.096762315;0.105390837;;;;
moeadr;moead;dtlz2;2;15.29690132;0.101105783;0.106139975;;;;
moeadr;moead;dtlz2;3;15.28230618;0.052061722;0.106250617;;;;
moeadr;moead;dtlz2;4;14.76639631;0.087261489;0.107147915;;;;
moeadr;moead;dtlz2;5;14.84358847;0.07020145;0.105644025;Mejor;15.29690132;4.55E-02;1.05E-01
moeadr;moead;dtlz2;6;14.92895048;0.045462669;0.106571689;Media;15.10778361;0.070206372;0.106145276
moeadr;moead;dtlz2;7;15.29390931;0.065926942;0.105420978;Peor;14.76639631;1.01E-01;1.08E-01
moeadr;moead;dtlz2;8;15.28988668;0.078874046;0.104911716;;;;
moeadr;moead;dtlz2;9;15.27293182;0.068068157;0.107532072;;;;
moeadr;moead;dtlz2;10;15.08851201;0.069627106;0.106654149;;;;
moeadr;moead;dtlz2;11;14.7802184;0.05506309;0.105828742;;;;
moeadr;moead;dtlz2;11;15.2823062;0.0520617;0.1062506;;;;
;;;;;;;;;;
pymoo;nsga2;dtlz2;1;15.40829211;0.172559582;0.086339779;;;;
pymoo;nsga2;dtlz2;2;15.41074257;0.170149926;0.087458854;;;;
pymoo;nsga2;dtlz2;3;15.40829211;0.172559582;0.086339779;;;;
pymoo;nsga2;dtlz2;4;15.42035733;0.172774153;0.085384121;;;;
pymoo;nsga2;dtlz2;5;15.44860263;0.168534311;0.088786944;Mejor;15.44860263;1.66E-01;8.43E-02
pymoo;nsga2;dtlz2;6;15.35683511;0.165970083;0.084267154;Media;15.4093692;0.172344937;0.088299579
pymoo;nsga2;dtlz2;7;15.41490032;0.16859135;0.085076732;Peor;15.35683511;1.86E-01;1.01E-01
pymoo;nsga2;dtlz2;8;15.40286459;0.185774792;0.101286003;;;;
pymoo;nsga2;dtlz2;9;15.39209211;0.169726466;0.090021452;;;;
pymoo;nsga2;dtlz2;10;15.40773354;0.172866154;0.089564745;;;;
pymoo;nsga2;dtlz2;11;15.43727803;0.176840641;0.08872959;;;;
pymoo;nsga2;dtlz2;11;15.40444;0.1717922;0.0863398;;;;
;;;;;;;;;;
pymoo;nsga3;dtlz2;1;15.56829008;0.152620066;0.041422057;;;;
pymoo;nsga3;dtlz2;2;15.56826443;0.152687152;0.041452577;;;;
pymoo;nsga3;dtlz2;3;15.56829008;0.152620066;0.041422057;;;;
pymoo;nsga3;dtlz2;4;15.56833661;0.152646718;0.041423567;;;;
pymoo;nsga3;dtlz2;5;15.56830964;0.152596268;0.041460671;Mejor;15.56833857;1.53E-01;4.14E-02
pymoo;nsga3;dtlz2;6;15.56832851;0.152619989;0.041446059;Media;15.56827798;0.152619287;0.041460364
pymoo;nsga3;dtlz2;7;15.56813625;0.152587708;0.041505151;Peor;15.56813625;1.53E-01;4.16E-02
pymoo;nsga3;dtlz2;8;15.56821215;0.152617018;0.041605961;;;;
pymoo;nsga3;dtlz2;9;15.56828839;0.152607104;0.041454897;;;;
pymoo;nsga3;dtlz2;10;15.56833857;0.152559115;0.041438408;;;;
pymoo;nsga3;dtlz2;11;15.56825089;0.152650143;0.041470859;;;;
pymoo;nsga3;dtlz2;11;15.5682901;0.1526201;0.0414221;;;;
;;;;;;;;;;
rmoo;nsga2;dtlz2;1;15.47373212;0.166809171;0.079138796;;;;
rmoo;nsga2;dtlz2;2;15.46885644;0.165601023;0.077373197;;;;
rmoo;nsga2;dtlz2;3;15.47373212;0.166809171;0.079138796;;;;
rmoo;nsga2;dtlz2;4;15.46490342;0.16388553;0.079445008;;;;
rmoo;nsga2;dtlz2;5;15.46493356;0.170418688;0.085377656;Mejor;15.47916451;1.62E-01;7.49E-02
rmoo;nsga2;dtlz2;6;15.45962085;0.167682265;0.082031705;Media;15.46928345;0.167449768;0.08024848
rmoo;nsga2;dtlz2;7;15.47657108;0.165156323;0.076612235;Peor;15.45001201;1.74E-01;8.54E-02
rmoo;nsga2;dtlz2;8;15.47876885;0.163986879;0.074944335;;;;
rmoo;nsga2;dtlz2;9;15.47296355;0.169059019;0.081268426;;;;
rmoo;nsga2;dtlz2;10;15.47916451;0.162074612;0.081560149;;;;
rmoo;nsga2;dtlz2;11;15.45001201;0.173734333;0.084409051;;;;
rmoo;nsga2;dtlz2;11;15.4681429;0.1741802;0.0816824;;;;
;;;;;;;;;;
rmoo;nsga3;dtlz2;1;15.56819055;0.152654561;0.041442491;;;;
rmoo;nsga3;dtlz2;2;15.5681604;0.152634548;0.041433966;;;;
rmoo;nsga3;dtlz2;3;15.56819055;0.152654561;0.041442491;;;;
rmoo;nsga3;dtlz2;4;15.56821009;0.152609838;0.04142776;;;;
rmoo;nsga3;dtlz2;5;15.56825964;0.152643075;0.041428599;;;;
rmoo;nsga3;dtlz2;6;15.56811987;0.152669074;0.041434599;;;;
rmoo;nsga3;dtlz2;7;15.56818085;0.152627297;0.041448173;;;;
rmoo;nsga3;dtlz2;8;15.56817153;0.152784035;0.041477191;;;;
rmoo;nsga3;dtlz2;9;15.56816432;0.152627893;0.041424152;;;;
rmoo;nsga3;dtlz2;10;15.56809367;0.152628509;0.041467;;;;
rmoo;nsga3;dtlz2;11;15.56794381;0.152621856;0.041474046;;;;
rmoo;nsga3;dtlz2;11;15.5680672;0.1526377;0.0414446;Mejor;47.69346255;1.53E-01;4.14E-02
deap;nsga2;dtlz3;1;45.32665104;110.4367977;0.565917239;Media;15.90957594;18.43661925;0.629380163
deap;nsga2;dtlz3;2;47.69346255;25.88152424;0.560671017;Peor;0;1.10E+02;1.74E+00
deap;nsga2;dtlz3;3;24.69383235;26.85932249;0.962946038;;;;
deap;nsga2;dtlz3;4;0.934745081;34.55937576;1.5915617;;;;
deap;nsga2;dtlz3;5;0;26.24613495;1.623158963;;;;
deap;nsga2;dtlz3;6;0;31.90343422;1.735105724;;;;
deap;nsga2;dtlz3;7;20.50379614;25.76511012;1.09388467;;;;
deap;nsga2;dtlz3;8;28.96787912;28.41453403;0.829382077;;;;
deap;nsga2;dtlz3;9;4.589013205;34.12198725;1.643644305;;;;
deap;nsga2;dtlz3;10;4.590392456;28.19201417;1.644680158;;;;
deap;nsga2;dtlz3;11;1.802722281;49.83021479;1.727446791;;;;
deap;nsga2;dtlz3;11;0;116.872729;1.8242987;;;;
;;;;;;;;;;
deap;nsga3;dtlz3;1;63.77770844;0.020083676;0.014253571;;;;
deap;nsga3;dtlz3;2;63.76402869;0.035523632;0.035606044;;;;
deap;nsga3;dtlz3;3;63.77511617;0.039852149;0.028192466;;;;
deap;nsga3;dtlz3;4;63.77534797;0.04520988;0.030275279;;;;
deap;nsga3;dtlz3;5;63.77461463;0.062686305;0.042297417;;;;
deap;nsga3;dtlz3;6;63.75747381;0.090450538;0.059060846;;;;
deap;nsga3;dtlz3;7;63.77157028;0.056982913;0.038806062;;;;
deap;nsga3;dtlz3;8;63.77933049;0.011956526;0.009040051;;;;
deap;nsga3;dtlz3;9;63.77091093;0.073241219;0.0511485;;;;
deap;nsga3;dtlz3;10;63.7768138;0.038356804;0.026239139;;;;
deap;nsga3;dtlz3;11;63.7786325;0.030887256;0.02185281;Mejor;63.78011462;1.20E-02;9.04E-03
deap;nsga3;dtlz3;12;63.77726424;0.030860336;0.022221195;Media;63.76729691;0.155583944;0.036966688
deap;nsga3;dtlz3;13;63.78011462;0.031348854;0.020925051;Peor;63.70306182;1.69E+00;9.05E-02
deap;nsga3;dtlz3;14;63.73879861;0.758581009;0.058631573;;;;
deap;nsga3;dtlz3;15;63.77913654;0.017923663;0.013045306;;;;
deap;nsga3;dtlz3;16;63.77408646;0.073184051;0.045670938;;;;
deap;nsga3;dtlz3;17;63.70306182;0.11903714;0.090523369;;;;
deap;nsga3;dtlz3;18;63.774319;0.061910352;0.041562802;;;;
deap;nsga3;dtlz3;19;63.73642468;1.685704304;0.067749122;;;;
deap;nsga3;dtlz3;20;63.77811196;0.025174921;0.017713407;;;;
deap;nsga3;dtlz3;21;63.76848136;0.065550033;0.041970382;;;;
deap;nsga3;dtlz3;11;63.769185;0.0483412;0.0364818;;;;
;;;;;;;;;;
moeadr;moead;dtlz3;1;62.63221388;3.604987244;0.21315816;;;;
moeadr;moead;dtlz3;2;58.13812804;2.315203662;0.314947678;;;;
moeadr;moead;dtlz3;3;61.33137528;2.355525845;0.253396499;;;;
moeadr;moead;dtlz3;4;62.97021824;2.083925422;0.188482969;;;;
moeadr;moead;dtlz3;5;62.63540102;1.033048707;0.207429465;Mejor;63.04147325;8.20E-02;1.79E-01
moeadr;moead;dtlz3;6;62.8138872;4.179441385;0.218919705;Media;61.7521275;1.950713788;0.226532086
moeadr;moead;dtlz3;7;62.23901804;0.126996825;0.238131588;Peor;58.13812804;4.18E+00;3.15E-01
moeadr;moead;dtlz3;8;61.91774181;0.082038139;0.194944628;;;;
moeadr;moead;dtlz3;9;63.04147325;0.12305341;0.178708813;;;;
moeadr;moead;dtlz3;10;59.87970324;1.777966578;0.19423012;;;;
moeadr;moead;dtlz3;11;62.09499468;3.370852437;0.262638901;;;;
moeadr;moead;dtlz3;11;61.3313753;2.3555258;0.2533965;;;;
;;;;;;;;;;
pymoo;nsga2;dtlz3;1;0;120.042808;2.045711764;;;;
pymoo;nsga2;dtlz3;2;31.73545065;130.2334402;0.742895467;;;;
pymoo;nsga2;dtlz3;3;0;120.042808;2.045711764;;;;
pymoo;nsga2;dtlz3;4;31.9230623;117.2089094;0.737032602;;;;
pymoo;nsga2;dtlz3;5;31.52193077;134.4404625;0.749567963;Mejor;31.9230623;1.17E+02;7.37E-01
pymoo;nsga2;dtlz3;6;0;120.6369415;1.755361771;Media;7.933053149;129.9347656;3.380813481
pymoo;nsga2;dtlz3;7;0;139.7944448;5.063243452;Peor;0;1.51E+02;1.64E+01
pymoo;nsga2;dtlz3;8;0;150.9166925;16.37273742;;;;
pymoo;nsga2;dtlz3;9;0;131.7184418;2.437549744;;;;
pymoo;nsga2;dtlz3;10;0.016194067;125.8541707;1.734122235;;;;
pymoo;nsga2;dtlz3;11;0;148.6286921;4.840115784;;;;
pymoo;nsga2;dtlz3;11;0;119.6993755;2.0457118;;;;
;;;;;;;;;;
pymoo;nsga3;dtlz3;1;63.77995552;0.001554468;0.001130188;;;;
pymoo;nsga3;dtlz3;2;63.77981772;0.001377334;0.001006906;;;;
pymoo;nsga3;dtlz3;3;63.77995552;0.001554468;0.001130188;;;;
pymoo;nsga3;dtlz3;4;63.77989457;0.001250781;0.000901498;;;;
pymoo;nsga3;dtlz3;5;63.77987279;0.001610259;0.001134842;Mejor;63.77997513;1.25E-03;9.01E-04
pymoo;nsga3;dtlz3;6;63.77988042;0.001608325;0.001147962;Media;63.77985742;0.001535056;0.00111574
pymoo;nsga3;dtlz3;7;63.77997513;0.001385073;0.000983369;Peor;63.77960157;1.93E-03;1.42E-03
pymoo;nsga3;dtlz3;8;63.77991402;0.001322832;0.000965693;;;;
pymoo;nsga3;dtlz3;9;63.77960157;0.001591721;0.001218609;;;;
pymoo;nsga3;dtlz3;10;63.77973786;0.001934844;0.001421023;;;;
pymoo;nsga3;dtlz3;11;63.77972841;0.001676066;0.001218403;;;;
pymoo;nsga3;dtlz3;11;63.7799555;0.0015545;0.0011302;;;;
;;;;;;;;;;
rmoo;nsga2;dtlz3;1;36.72933709;32.75743439;0.714244727;;;;
rmoo;nsga2;dtlz3;2;36.1050434;19.21136839;0.725500976;;;;
rmoo;nsga2;dtlz3;3;46.90686463;44.1275221;0.556599741;;;;
rmoo;nsga2;dtlz3;4;31.92543515;33.06482064;0.736958451;;;;
rmoo;nsga2;dtlz3;5;31.95067739;49.80544656;0.736169631;Mejor;47.96291229;1.84E+00;5.55E-01
rmoo;nsga2;dtlz3;6;31.99998012;35.40944953;0.73462892;Media;38.70557659;26.82589052;0.686407559
rmoo;nsga2;dtlz3;7;47.96291229;19.2462677;0.554931373;Peor;30.04586924;4.98E+01;8.21E-01
rmoo;nsga2;dtlz3;8;45.56016724;21.66441904;0.567717991;;;;
rmoo;nsga2;dtlz3;9;45.87622246;1.842875676;0.821438584;;;;
rmoo;nsga2;dtlz3;10;47.40441014;14.35226177;0.55844182;;;;
rmoo;nsga2;dtlz3;11;30.04586924;32.46461079;0.795630191;;;;
rmoo;nsga2;dtlz3;11;31.9999999;17.9642096;0.7346283;;;;
;;;;;;;;;;
rmoo;nsga3;dtlz3;1;63.77940113;0.00175204;0.001292744;;;;
rmoo;nsga3;dtlz3;2;63.77895956;0.001613908;0.001333805;;;;
rmoo;nsga3;dtlz3;3;63.77906892;0.001604902;0.001251969;;;;
rmoo;nsga3;dtlz3;4;63.77902162;0.001392721;0.001165709;;;;
rmoo;nsga3;dtlz3;5;63.77881258;0.001439276;0.001252612;Mejor;63.779591;2.32E-04;2.24E-04
rmoo;nsga3;dtlz3;6;63.77844552;0.002197563;0.001832574;Media;63.77862661;0.001762838;0.00150428
rmoo;nsga3;dtlz3;7;63.77433823;0.004683028;0.004608876;Peor;63.77433823;4.68E-03;4.61E-03
rmoo;nsga3;dtlz3;8;63.77919334;0.001802273;0.001434637;;;;
rmoo;nsga3;dtlz3;9;63.77872199;0.001521908;0.001271394;;;;
rmoo;nsga3;dtlz3;10;63.77903116;0.001719804;0.001405143;;;;
rmoo;nsga3;dtlz3;11;63.77893432;0.001194836;0.000977899;;;;
rmoo;nsga3;dtlz3;11;63.779591;0.0002318;0.000224;;;;
;;;;;;;;;;
deap;nsga2;dtlz7;1;197.5697276;0.122454029;0.054349823;;;;
deap;nsga2;dtlz7;2;198.9680714;0.12772305;0.04769932;;;;
deap;nsga2;dtlz7;3;200.1160529;0.13225876;0.026397023;;;;
deap;nsga2;dtlz7;4;145.379871;0.094503987;0.224267735;;;;
deap;nsga2;dtlz7;5;150.8161373;0.118857219;0.13167815;Mejor;200.1160529;6.57E-02;2.64E-02
deap;nsga2;dtlz7;6;198.049407;0.141601868;0.053656755;Media;169.263174;0.118641489;0.140666608
deap;nsga2;dtlz7;7;150.3623201;0.116835202;0.128794085;Peor;90.01293696;1.42E-01;6.77E-01
deap;nsga2;dtlz7;8;150.5520336;0.125884559;0.13070855;;;;
deap;nsga2;dtlz7;9;90.01293696;0.065650323;0.67697341;;;;
deap;nsga2;dtlz7;10;199.0059087;0.141690628;0.04298402;;;;
deap;nsga2;dtlz7;11;150.7469467;0.124505745;0.130012123;;;;
deap;nsga2;dtlz7;11;199.5786753;0.1117325;0.0404783;;;;
;;;;;;;;;;
deap;nsga3;dtlz7;1;199.7954942;0.145667076;0.027601238;;;;
deap;nsga3;dtlz7;2;145.1160174;0.099405617;0.255578283;;;;
deap;nsga3;dtlz7;3;199.5866275;0.142082039;0.03161329;;;;
deap;nsga3;dtlz7;4;195.0843029;0.139908082;0.025773586;;;;
deap;nsga3;dtlz7;5;199.4418586;0.137959863;0.029166822;;;;
deap;nsga3;dtlz7;6;89.99711938;0.062818516;0.676904194;;;;
deap;nsga3;dtlz7;7;199.491401;0.151302736;0.026322381;;;;
deap;nsga3;dtlz7;8;199.9095714;0.142953354;0.028574252;;;;
deap;nsga3;dtlz7;9;199.659521;0.128858389;0.028559165;Mejor;200.155358;6.28E-02;2.41E-02
deap;nsga3;dtlz7;10;200.155358;0.149817882;0.030882546;Media;179.2307055;0.127193247;0.116344392
deap;nsga3;dtlz7;11;199.8371976;0.143099824;0.030294465;Peor;89.99711938;1.54E-01;6.77E-01
deap;nsga3;dtlz7;12;144.6112111;0.096694259;0.223130342;;;;
deap;nsga3;dtlz7;13;145.1371901;0.094270937;0.255139014;;;;
deap;nsga3;dtlz7;14;199.7720313;0.139477585;0.030866854;;;;
deap;nsga3;dtlz7;15;199.8942029;0.137864178;0.029134969;;;;
deap;nsga3;dtlz7;16;199.2913237;0.147901864;0.027235704;;;;
deap;nsga3;dtlz7;17;196.5823841;0.140798427;0.029380171;;;;
deap;nsga3;dtlz7;18;199.5415905;0.153801192;0.031094089;;;;
deap;nsga3;dtlz7;19;142.12216;0.099980044;0.233388533;;;;
deap;nsga3;dtlz7;20;199.3161395;0.143654854;0.02414039;;;;
deap;nsga3;dtlz7;21;144.4018316;0.09974202;0.226031841;;;;
deap;nsga3;dtlz7;11;144.3309878;0.1001927;0.2587645;;;;
;;;;;;;;;;
moeadr;moead;dtlz7;1;89.3778975;0.960039079;0.684937229;;;;
moeadr;moead;dtlz7;2;89.39165387;0.515374363;0.684673877;;;;
moeadr;moead;dtlz7;3;89.39140528;1.373627052;0.684709427;;;;
moeadr;moead;dtlz7;4;89.39102704;1.756411697;0.684741586;;;;
moeadr;moead;dtlz7;5;89.3895795;0.574727991;0.684725227;Mejor;143.4614436;5.15E-01;2.84E-01
moeadr;moead;dtlz7;6;89.38275142;1.172807773;0.684825324;Media;93.89435614;1.221005949;0.651384118
moeadr;moead;dtlz7;7;89.39092696;1.562717369;0.684706046;Peor;89.3778975;2.33E+00;6.85E-01
moeadr;moead;dtlz7;8;143.4614436;1.189164537;0.28432152;;;;
moeadr;moead;dtlz7;9;89.38802639;0.528312449;0.684693264;;;;
moeadr;moead;dtlz7;10;89.38954671;2.330466388;0.684760154;;;;
moeadr;moead;dtlz7;11;89.38661012;1.314795586;0.684806363;;;;
moeadr;moead;dtlz7;11;89.3914053;1.3736271;0.6847094;;;;
;;;;;;;;;;
pymoo;nsga2;dtlz7;1;145.4448277;0.10482965;0.250513612;;;;
pymoo;nsga2;dtlz7;2;200.3553112;0.123475473;0.03034999;;;;
pymoo;nsga2;dtlz7;3;145.2448;0.094947174;0.253155757;;;;
pymoo;nsga2;dtlz7;4;145.241075;0.096618205;0.253810108;;;;
pymoo;nsga2;dtlz7;5;145.2785022;0.095609553;0.252776304;Mejor;200.3700712;8.88E-02;2.55E-02
pymoo;nsga2;dtlz7;6;145.3235278;0.088832403;0.220664998;Media;159.0852977;0.102710655;0.188691827
pymoo;nsga2;dtlz7;7;145.2838699;0.090306719;0.250044009;Peor;145.241075;1.28E-01;2.54E-01
pymoo;nsga2;dtlz7;8;145.3564093;0.093225837;0.222015087;;;;
pymoo;nsga2;dtlz7;9;145.4135504;0.094180198;0.222139665;;;;
pymoo;nsga2;dtlz7;10;200.3700712;0.128222037;0.03280688;;;;
pymoo;nsga2;dtlz7;11;200.3354313;0.118045105;0.025511918;;;;
pymoo;nsga2;dtlz7;11;145.3761959;0.1042355;0.2505136;;;;
;;;;;;;;;;
pymoo;nsga3;dtlz7;1;199.955985;0.116277523;0.032729569;;;;
pymoo;nsga3;dtlz7;2;199.9870592;0.11913554;0.032075204;;;;
pymoo;nsga3;dtlz7;3;200.0834946;0.115501021;0.032014797;;;;
pymoo;nsga3;dtlz7;4;199.9099377;0.117968773;0.032908508;;;;
pymoo;nsga3;dtlz7;5;145.0811279;0.099087905;0.224222079;Mejor;200.0834946;8.91E-02;3.15E-02
pymoo;nsga3;dtlz7;6;199.9219446;0.117682144;0.032039508;Media;185.8900235;0.112160814;0.08440242
pymoo;nsga3;dtlz7;7;199.9856044;0.118081674;0.031652877;Peor;140.8489984;1.19E-01;2.60E-01
pymoo;nsga3;dtlz7;8;199.9269745;0.118286619;0.03309245;;;;
pymoo;nsga3;dtlz7;9;140.8489984;0.089144372;0.238804196;;;;
pymoo;nsga3;dtlz7;10;144.9532078;0.100172889;0.259778367;;;;
pymoo;nsga3;dtlz7;11;199.9424532;0.119090305;0.031496689;;;;
pymoo;nsga3;dtlz7;11;200.0834946;0.115501;0.0320148;;;;
;;;;;;;;;;
rmoo;nsga2;dtlz7;1;27.85955264;1.620212296;1.874246149;;;;
rmoo;nsga2;dtlz7;2;0;1.578134116;2.733380006;;;;
rmoo;nsga2;dtlz7;3;86.45990574;1.25904196;1.018078371;;;;
rmoo;nsga2;dtlz7;4;149.5453002;0.448878696;0.467978038;;;;
rmoo;nsga2;dtlz7;5;0;2.112180322;3.09395841;Mejor;152.1743862;4.37E-01;4.55E-01
rmoo;nsga2;dtlz7;6;0;2.25974182;3.434895755;Media;43.88344386;1.518368583;1.998444987
rmoo;nsga2;dtlz7;7;12.28383524;1.907248912;2.195722237;Peor;0;2.26E+00;3.43E+00
rmoo;nsga2;dtlz7;8;0;2.162174452;3.317713563;;;;
rmoo;nsga2;dtlz7;9;48.85523801;1.066101303;1.467678854;;;;
rmoo;nsga2;dtlz7;10;47.21328754;1.239976381;1.503220243;;;;
rmoo;nsga2;dtlz7;11;2.209820762;2.130023138;2.419326418;;;;
rmoo;nsga2;dtlz7;11;152.1743862;0.4367096;0.4551418;;;;
;;;;;;;;;;
rmoo;nsga3;dtlz7;1;0;4.75867096;5.675957015;;;;
rmoo;nsga3;dtlz7;2;0;2.206082635;3.37916573;;;;
rmoo;nsga3;dtlz7;3;108.2073207;0.3924646;0.653148673;;;;
rmoo;nsga3;dtlz7;4;161.6982572;0.396301242;0.363692801;;;;
rmoo;nsga3;dtlz7;5;0;2.34871484;3.43624382;;;;
rmoo;nsga3;dtlz7;6;67.59713731;0.957753154;1.169982066;;;;
rmoo;nsga3;dtlz7;7;92.78439983;0.576609669;0.846147702;;;;
rmoo;nsga3;dtlz7;8;48.78011932;1.334515805;1.475045159;;;;
rmoo;nsga3;dtlz7;9;161.8663231;0.390819811;0.361104016;;;;
rmoo;nsga3;dtlz7;10;26.65964386;0.930299857;1.835281314;Mejor;161.8663231;3.14E-01;3.61E-01
rmoo;nsga3;dtlz7;11;27.5477942;1.688463183;1.879208568;Media;35.02967688;0.86571004;1.143549689
rmoo;nsga3;dtlz7;11;108.3584219;0.3583056;0.6226368;Peor;0;4.76E+00;5.68E+00
deap;nsga2;motsp;1;0.198710703;0.325689181;0.419438044;;;;
deap;nsga2;motsp;2;0.199201948;0.323683716;0.417049161;;;;
deap;nsga2;motsp;3;0.195272869;0.314528653;0.42236327;;;;
deap;nsga2;motsp;4;0.197326004;0.330478998;0.420881395;;;;
deap;nsga2;motsp;5;0.197735808;0.329834413;0.419476432;;;;
deap;nsga2;motsp;6;0.197459186;0.339924624;0.421991145;;;;
deap;nsga2;motsp;7;0.199906489;0.319086932;0.41709458;;;;
deap;nsga2;motsp;8;0.199161047;0.321250279;0.418203118;;;;
deap;nsga2;motsp;9;0.199484791;0.313910792;0.414079902;;;;
deap;nsga2;motsp;10;0.198468889;0.331239634;0.419360966;;;;
deap;nsga2;motsp;11;0.200423134;0.322702349;0.414091181;;;;
;;;;;;;;;;
deap;nsga3;motsp;1;0.198864749;0.182623521;0.384447425;;;;
deap;nsga3;motsp;2;0.201721473;0.168868373;0.378006019;;;;
deap;nsga3;motsp;3;0.202901365;0.159901631;0.376030036;;;;
deap;nsga3;motsp;4;0.200124147;0.163246474;0.378962489;;;;
deap;nsga3;motsp;5;0.20036636;0.173077433;0.381930507;;;;
deap;nsga3;motsp;6;0.204118125;0.158178475;0.374226608;;;;
deap;nsga3;motsp;7;0.201621274;0.161582774;0.377009314;;;;
deap;nsga3;motsp;8;0.201716979;0.159385448;0.376813563;;;;
deap;nsga3;motsp;9;0.203166922;0.163780125;0.377310523;Mejor;0.20654979;1.48E-01;3.70E-01
deap;nsga3;motsp;10;0.204836206;0.152997792;0.372522853;Media;0.20271282;0.162666381;0.376624225
deap;nsga3;motsp;11;0.204803744;0.155474122;0.373014979;Peor;0.198864749;1.83E-01;3.84E-01
deap;nsga3;motsp;12;0.203472399;0.169107919;0.376998212;;;;
deap;nsga3;motsp;13;0.200605149;0.176831531;0.38070796;;;;
deap;nsga3;motsp;14;0.203691405;0.159754264;0.374703439;;;;
deap;nsga3;motsp;15;0.205197901;0.148439944;0.371511682;;;;
deap;nsga3;motsp;16;0.20654979;0.148209485;0.3700776;;;;
deap;nsga3;motsp;17;0.201264933;0.17141971;0.379560502;;;;
deap;nsga3;motsp;18;0.20370495;0.155501477;0.374873262;;;;
deap;nsga3;motsp;19;0.201104403;0.167002021;0.379987829;;;;
deap;nsga3;motsp;20;0.205422666;0.14845489;0.370991161;;;;
deap;nsga3;motsp;21;0.201714281;0.172156589;0.379422754;;;;
;;;;;;;;;;
pymoo;nsga2;motsp;1;0.189969806;0.342368282;0.434115098;;;;
pymoo;nsga2;motsp;2;0.192537215;0.32990845;0.428310929;;;;
pymoo;nsga2;motsp;3;0.189969806;0.342368282;0.434115098;;;;
pymoo;nsga2;motsp;4;0.191542343;0.335613496;0.432148957;;;;
pymoo;nsga2;motsp;5;0.191993904;0.332555005;0.434725581;Mejor;0.194453929;3.24E-01;4.28E-01
pymoo;nsga2;motsp;6;0.191565432;0.34160711;0.428215163;Media;0.191819977;0.334815526;0.431360979
pymoo;nsga2;motsp;7;0.190986585;0.334491404;0.431851184;Peor;0.189969806;3.42E-01;4.35E-01
pymoo;nsga2;motsp;8;0.193255896;0.32638502;0.429413988;;;;
pymoo;nsga2;motsp;9;0.194453929;0.324314979;0.428639439;;;;
pymoo;nsga2;motsp;10;0.191151536;0.341429027;0.434669468;;;;
pymoo;nsga2;motsp;11;0.192593294;0.331929733;0.428765868;;;;
;;;;;;;;;;
pymoo;nsga3;motsp;1;0.199351679;0.21055653;0.391321821;;;;
pymoo;nsga3;motsp;2;0.19903315;0.222991529;0.390784579;;;;
pymoo;nsga3;motsp;3;0.198737103;0.210970271;0.391755482;;;;
pymoo;nsga3;motsp;4;0.196698106;0.22119339;0.394181116;;;;
pymoo;nsga3;motsp;5;0.198504661;0.212985752;0.39123766;Mejor;0.199351679;2.11E-01;3.91E-01
pymoo;nsga3;motsp;6;0.197191181;0.214696499;0.39406725;Media;0.197757922;0.219555951;0.393946647
pymoo;nsga3;motsp;7;0.196885528;0.226276092;0.394380422;Peor;0.19522193;2.35E-01;4.00E-01
pymoo;nsga3;motsp;8;0.198469235;0.219427612;0.394745285;;;;
pymoo;nsga3;motsp;9;0.19522193;0.234583858;0.399710735;;;;
pymoo;nsga3;motsp;10;0.196655934;0.226080666;0.398921916;;;;
pymoo;nsga3;motsp;11;0.198588634;0.215353266;0.392306851;;;;
;;;;;;;;;;
rmoo;nsga2;motsp;1;0.181554559;0.288868664;0.427815866;;;;
rmoo;nsga2;motsp;2;0.181172792;0.280643748;0.419804249;;;;
rmoo;nsga2;motsp;3;0.191667188;0.306285593;0.425329523;;;;
rmoo;nsga2;motsp;4;0.184842473;0.268679801;0.421246652;;;;
rmoo;nsga2;motsp;5;0.180757229;0.280728173;0.422063846;Mejor;0.191667188;2.53E-01;4.12E-01
rmoo;nsga2;motsp;6;0.179232438;0.288018786;0.431919677;Media;0.182276263;0.281657505;0.424692611
rmoo;nsga2;motsp;7;0.183402858;0.284289464;0.425557584;Peor;0.17684309;3.06E-01;4.36E-01
rmoo;nsga2;motsp;8;0.178406261;0.280097667;0.427004825;;;;
rmoo;nsga2;motsp;9;0.180040952;0.269079113;0.423414994;;;;
rmoo;nsga2;motsp;10;0.187119049;0.253448492;0.411660471;;;;
rmoo;nsga2;motsp;11;0.17684309;0.298093055;0.43580103;;;;
;;;;;;;;;;
rmoo;nsga3;motsp;1;0.187066876;0.2084655;0.402600027;;;;
rmoo;nsga3;motsp;2;0.186456301;0.209246177;0.402142482;;;;
rmoo;nsga3;motsp;3;0.200755978;0.177519261;0.381044058;;;;
rmoo;nsga3;motsp;4;0.18534517;0.226106902;0.405328343;;;;
rmoo;nsga3;motsp;5;0.187673215;0.217455585;0.405462165;Mejor;0.200755978;1.78E-01;3.81E-01
rmoo;nsga3;motsp;6;0.189103222;0.199450589;0.39675194;Media;0.188262165;0.211342041;0.401361941
rmoo;nsga3;motsp;7;0.188451373;0.212437729;0.401482255;Peor;0.184309963;2.26E-01;4.09E-01
rmoo;nsga3;motsp;8;0.184847037;0.224606331;0.408773761;;;;
rmoo;nsga3;motsp;9;0.188720595;0.210935435;0.401583468;;;;
rmoo;nsga3;motsp;10;0.18815409;0.214458241;0.402068357;;;;
rmoo;nsga3;motsp;11;0.184309963;0.224080701;0.407744494;;;;
