"V1","V2","V3","V4","V5","V6","V7","V8","V9","V10","V11","V12","V13","V14","V15","V16","V17","V18","V19","V20","V21","V22","V23","V24","V25","V26","V27","V28","V29","V30","V31","V32","V33","V34","V35","V36","V37","V38","V39","V40","V41","V42","V43","V44","V45","V46","V47","V48","V49","V50","V51","V52","V53","V54","V55","V56","V57","V58","V59","V60","V61","V62","V63","V64","V65","V66","V67","V68","V69","V70","V71","V72","V73","V74","V75","V76","V77","V78","V79","V80","V81","V82","V83","V84","V85","V86","V87","V88","V89","V90","V91","V92","V93","V94","V95","V96","V97","V98","V99","V100"
49,77,64,99,50,11,5,32,42,41,79,51,21,14,70,7,80,46,68,10,13,47,78,8,52,28,82,38,40,59,55,97,30,18,85,84,25,66,34,63,86,26,83,19,43,93,27,56,12,58,45,88,29,89,20,36,39,16,71,92,35,44,72,100,90,96,91,87,67,94,37,6,9,75,57,65,61,54,60,31,3,22,48,23,1,33,15,69,17,73,24,95,4,98,81,62,53,2,74,76
73,22,95,78,91,96,8,52,70,57,75,44,35,84,3,17,100,28,36,25,66,5,16,71,19,85,6,9,65,83,26,43,10,13,99,64,86,63,30,18,34,81,27,56,46,88,29,54,32,89,20,45,53,2,90,23,1,41,49,31,12,14,68,42,11,50,93,77,97,55,59,7,80,61,62,4,98,48,21,51,39,82,38,33,58,37,94,40,60,67,74,79,87,47,15,69,72,92,76,24
42,81,27,56,12,2,53,60,40,72,100,90,96,91,78,38,82,28,14,70,48,75,57,62,4,98,33,59,55,97,25,92,34,26,43,99,50,11,13,10,64,74,86,89,20,19,58,66,68,63,30,18,8,52,79,46,88,29,45,85,23,1,77,95,24,76,84,54,32,22,61,65,9,6,37,94,71,16,39,36,5,15,69,17,73,31,35,44,21,51,93,41,49,83,80,7,67,87,47,3
100,1,41,49,31,12,14,28,36,25,66,5,16,71,19,85,6,9,65,83,26,43,10,13,99,64,86,63,30,18,34,81,27,56,46,88,29,54,32,89,20,45,53,2,90,23,68,42,11,50,93,77,97,55,59,7,80,61,62,4,98,48,39,51,21,82,38,33,58,37,94,40,60,67,74,79,87,47,15,69,72,92,3,84,35,96,8,52,70,57,75,44,91,78,95,22,73,24,76,17
69,17,73,13,35,44,95,24,76,84,54,10,43,26,77,97,55,59,31,29,88,57,53,2,12,56,27,81,42,32,41,1,23,49,83,48,72,40,60,22,3,75,7,30,65,33,98,61,80,18,34,93,50,99,64,100,90,63,86,66,62,11,91,78,94,37,6,9,8,52,38,82,79,87,47,96,67,51,21,46,89,20,45,85,5,36,58,19,68,4,70,14,28,74,25,92,71,16,39,15
94,93,77,55,97,64,99,50,11,13,10,43,26,34,92,25,74,68,19,3,42,81,8,33,98,4,62,9,65,61,80,7,28,14,70,48,75,41,32,54,84,76,24,95,60,40,72,100,90,96,91,78,38,82,20,89,46,47,87,21,51,79,52,67,18,30,63,86,66,83,49,45,85,23,1,35,44,58,59,31,29,88,57,53,2,12,56,27,22,71,16,39,36,5,15,69,17,73,6,37
15,69,17,73,13,10,43,26,77,97,55,59,31,27,81,42,3,22,35,44,67,12,23,1,41,32,54,84,76,24,95,60,40,72,100,90,96,91,78,38,82,20,89,29,88,46,47,87,21,51,79,2,49,34,18,30,63,86,66,68,19,58,74,25,92,8,52,56,7,71,53,57,75,48,70,14,28,45,85,83,93,64,99,50,11,94,37,6,9,65,33,98,4,62,61,80,16,39,36,5
70,67,100,90,63,86,66,68,19,58,48,83,49,23,1,41,32,42,81,27,56,12,2,53,57,31,59,55,97,77,26,43,10,54,84,76,24,95,44,35,13,73,17,69,15,96,79,11,39,16,71,92,25,87,47,74,62,4,91,78,94,37,6,9,88,29,8,52,38,82,72,40,60,22,3,75,7,80,61,98,33,65,30,18,34,93,50,99,64,36,5,85,45,20,89,46,21,51,28,14
43,26,77,97,55,59,31,27,81,42,3,22,35,44,67,12,92,71,16,39,36,5,23,1,41,32,54,84,76,24,95,60,40,72,100,90,96,91,78,38,82,20,89,29,88,46,47,87,21,51,79,2,49,34,18,30,63,86,66,68,19,58,74,25,8,52,56,7,53,57,75,48,70,14,28,45,85,83,93,64,99,50,11,94,37,6,9,65,33,98,4,62,61,80,15,69,17,73,13,10
20,94,37,6,9,22,3,31,60,54,45,58,61,65,57,75,48,23,1,33,15,69,17,73,24,95,4,98,81,62,53,2,74,76,49,77,64,99,50,11,13,10,68,88,46,47,78,8,52,28,82,38,40,59,55,97,30,18,85,84,25,66,34,63,86,26,83,19,43,93,27,56,12,80,7,70,14,21,51,79,41,42,29,89,32,5,36,39,16,71,92,35,44,72,100,90,96,91,87,67
77,97,55,59,31,57,53,2,12,56,27,22,3,42,81,32,41,1,23,49,83,46,89,20,45,85,5,18,98,33,80,61,65,30,7,60,40,72,36,34,93,50,99,64,70,48,75,100,90,63,86,66,68,19,58,96,67,51,21,47,87,79,52,8,92,71,14,28,82,38,16,25,74,62,4,91,78,94,37,6,9,88,29,39,11,15,69,17,73,13,35,44,95,24,76,84,54,10,43,26
89,20,45,39,36,85,84,28,14,70,48,75,68,19,76,23,43,26,83,79,77,93,42,34,18,30,63,86,66,25,82,38,52,8,78,91,44,10,13,11,50,59,31,57,53,2,12,56,27,81,55,97,41,1,64,32,54,99,62,4,35,22,3,88,46,65,61,80,7,47,87,21,51,58,49,33,98,96,90,100,72,9,6,37,94,69,17,73,24,95,74,67,60,40,15,5,16,71,92,29
70,57,75,44,35,84,65,9,6,3,17,100,28,36,25,66,5,16,71,19,85,83,26,43,10,13,99,64,86,63,30,18,34,81,27,56,46,88,29,54,32,89,20,45,53,2,90,23,1,41,49,31,12,14,68,48,98,4,62,61,80,7,59,55,97,77,93,50,11,42,21,51,39,82,38,33,58,37,94,40,60,67,74,79,87,47,15,69,72,92,76,24,73,22,95,78,91,96,8,52
69,17,73,13,35,44,95,24,76,82,38,52,8,9,6,37,94,78,91,87,79,84,54,10,43,26,77,97,55,59,31,29,88,57,53,2,12,56,27,81,42,32,41,1,23,49,83,48,72,40,60,22,3,75,7,30,65,33,98,61,80,18,34,93,50,99,64,100,90,63,86,66,62,11,47,96,67,51,21,46,89,20,45,85,5,36,58,19,68,4,70,14,28,74,25,92,71,16,39,15
62,48,70,52,8,96,95,17,69,15,58,85,19,71,36,28,50,99,64,49,41,91,92,68,42,20,89,93,77,97,55,59,7,80,44,35,22,3,88,46,65,61,21,63,86,66,25,16,5,31,12,14,11,13,10,83,47,87,79,74,67,84,75,57,56,27,81,94,37,6,9,33,38,82,39,51,30,18,34,40,60,73,78,76,24,1,23,90,100,2,53,45,32,54,29,72,98,43,26,4
89,20,45,39,36,85,84,28,14,70,48,75,57,53,2,12,56,27,68,19,76,23,43,26,83,1,41,97,55,59,50,11,13,10,44,35,22,3,88,46,65,61,80,64,32,54,99,31,62,4,91,78,8,52,38,82,25,66,86,63,30,18,34,81,42,93,77,79,7,47,87,21,51,58,49,33,98,96,90,100,72,9,6,37,94,69,17,73,24,95,74,67,60,40,15,5,16,71,92,29
46,18,93,77,97,55,59,7,80,61,21,63,86,66,25,16,5,31,12,14,35,44,11,13,10,83,47,87,79,74,67,84,75,57,56,27,81,94,37,6,9,65,33,38,82,39,51,30,89,20,42,68,92,3,22,91,41,49,64,99,50,28,36,71,19,85,58,15,69,17,95,96,8,52,70,48,62,4,26,43,98,72,34,40,60,73,78,76,24,1,23,90,100,2,53,45,32,54,29,88
2,53,57,75,48,70,14,28,82,38,7,80,61,65,9,90,96,91,78,94,37,6,100,72,40,56,27,39,36,5,15,69,17,73,22,60,95,24,76,84,54,32,77,93,83,49,23,1,41,51,21,44,35,79,52,8,18,30,63,86,66,68,19,58,74,64,99,50,11,13,10,43,26,34,92,25,97,55,59,85,45,20,89,29,88,46,31,33,98,4,62,16,71,67,87,47,3,42,81,12
89,20,45,39,36,76,19,68,75,48,70,14,28,84,85,23,43,26,83,79,77,93,42,34,18,30,63,86,66,25,82,38,52,8,78,91,44,10,13,11,50,59,31,57,53,2,12,56,27,81,55,97,41,1,64,32,54,99,62,4,35,22,3,88,46,65,61,80,7,47,87,21,51,58,49,33,98,96,90,100,72,9,6,37,94,69,17,73,24,95,74,67,60,40,15,5,16,71,92,29
36,5,15,69,17,73,62,4,98,33,72,100,90,96,21,51,47,87,95,24,20,89,46,79,52,8,81,42,3,22,27,56,12,2,53,57,88,29,31,59,58,40,60,44,35,1,23,85,45,76,84,54,32,41,49,83,66,86,63,30,18,67,78,75,48,70,14,28,82,38,7,80,61,65,9,6,37,94,93,77,91,55,97,64,92,34,26,43,10,13,11,50,99,25,74,68,19,71,16,39
95,78,91,96,8,52,70,57,75,44,35,84,3,42,68,14,12,31,49,41,1,23,34,81,27,56,46,88,29,54,32,89,20,45,53,2,90,18,30,63,86,64,99,13,10,43,26,83,65,9,6,85,19,71,16,5,66,25,36,28,17,11,50,93,77,97,55,59,7,80,61,62,4,98,48,21,51,39,82,38,33,58,37,94,100,72,40,60,67,74,79,87,47,15,69,92,76,24,73,22
44,95,24,76,82,38,78,91,84,54,10,43,26,77,97,55,59,31,29,88,57,53,2,12,56,27,81,42,32,41,1,23,49,72,40,60,22,3,7,30,18,34,100,90,63,86,66,47,96,67,46,89,20,5,36,58,19,68,87,21,51,79,52,28,14,70,48,75,74,25,92,8,45,85,83,93,64,99,50,11,94,37,6,9,65,33,98,4,62,61,80,71,16,39,15,69,17,73,13,35
27,56,12,2,53,48,58,19,68,66,86,63,90,100,72,40,60,22,3,75,30,18,77,26,43,10,54,84,76,24,95,44,35,13,73,17,69,42,32,41,1,23,49,83,52,8,29,88,9,6,37,94,78,91,74,25,92,71,16,39,11,79,87,47,96,67,57,31,59,55,97,34,93,50,99,64,36,5,85,45,20,89,46,21,51,65,61,80,7,98,4,62,33,38,82,28,14,70,15,81
59,31,12,56,27,22,3,42,81,8,52,79,46,88,29,89,20,24,95,87,47,51,21,40,60,2,53,57,75,48,70,14,28,82,38,78,91,96,90,44,35,1,23,85,45,76,84,54,32,41,49,83,67,18,30,63,86,66,68,19,58,74,25,92,34,26,43,10,13,93,64,99,50,11,37,6,9,65,61,80,7,98,4,62,33,94,100,72,71,16,39,36,5,15,69,17,73,77,97,55
91,96,90,83,49,51,21,52,59,55,97,64,99,50,11,13,10,43,26,34,92,25,74,42,3,22,32,54,84,71,16,39,36,5,15,69,17,73,31,62,4,76,24,95,60,40,72,100,98,33,79,46,88,29,89,20,66,68,45,85,44,8,18,30,63,86,19,58,81,27,56,82,28,14,70,48,75,57,53,2,12,38,7,80,61,65,9,6,37,94,87,47,35,23,1,41,93,77,67,78
73,17,69,15,33,1,23,48,75,57,65,61,58,45,54,81,62,53,2,74,76,49,77,64,99,88,85,18,30,97,55,59,40,38,82,28,52,8,78,47,46,68,10,13,11,50,84,25,66,34,63,86,26,83,19,43,93,27,56,12,80,7,70,14,21,51,79,41,42,29,89,32,5,36,39,16,71,92,35,44,72,100,90,96,91,87,67,20,94,37,6,9,22,3,31,60,98,4,95,24
27,56,12,2,53,57,75,48,70,14,28,82,38,7,80,55,97,43,26,34,92,25,10,64,74,58,79,85,23,1,35,44,21,51,93,77,22,41,32,54,84,30,19,68,66,86,63,76,24,95,60,40,72,100,65,61,59,13,11,50,99,33,98,4,62,31,73,17,69,15,8,52,45,29,89,20,18,5,49,83,36,39,16,71,94,37,6,9,67,87,47,3,88,46,42,78,91,96,90,81
20,94,86,63,34,66,25,84,85,18,30,97,55,59,40,38,82,28,52,8,78,47,46,88,68,10,13,11,50,99,64,77,49,76,74,2,53,62,81,98,4,95,24,73,17,69,15,33,1,23,48,75,57,65,61,58,45,54,60,31,3,22,9,6,37,26,83,19,43,93,27,56,12,80,7,70,14,21,51,79,41,42,29,89,32,5,36,39,16,71,92,35,44,72,100,90,96,91,87,67
23,76,84,68,42,86,63,30,93,51,21,85,19,29,22,3,92,71,16,39,36,5,38,82,32,54,28,14,70,48,75,57,53,2,74,25,66,27,56,12,83,26,43,10,13,11,50,99,64,97,55,59,41,1,52,8,46,88,35,44,91,78,94,37,79,61,80,7,47,87,89,20,4,62,31,81,98,33,49,58,34,18,96,90,100,72,40,60,95,24,73,17,69,15,67,77,6,9,65,45
83,18,30,63,86,66,68,19,58,74,25,92,34,93,64,99,50,11,13,10,43,26,77,67,12,2,53,57,75,48,70,14,28,82,38,78,91,96,90,100,72,40,60,95,24,76,84,54,3,47,87,62,4,98,33,31,46,88,29,89,20,45,85,59,55,97,15,5,36,39,16,71,37,6,9,65,61,80,7,94,69,17,73,56,27,22,42,81,8,52,79,51,21,44,35,1,23,32,41,49
61,65,55,59,85,45,20,89,29,88,46,79,51,21,87,47,27,81,42,3,22,35,44,67,12,2,53,57,75,48,70,14,28,82,38,78,91,96,58,19,68,66,86,63,30,18,34,49,23,1,41,32,54,84,76,24,95,60,40,72,100,90,74,25,92,8,52,56,7,71,16,39,36,5,15,69,17,73,13,10,43,26,77,97,83,93,94,37,6,9,31,11,50,99,64,62,4,98,33,80
20,94,37,6,9,22,3,31,60,54,45,58,61,65,57,75,48,23,1,33,15,69,17,73,24,95,4,98,81,62,53,2,74,76,49,77,64,99,13,10,68,88,11,50,46,47,78,8,52,28,82,38,40,59,55,97,30,18,85,84,25,66,34,63,86,26,83,19,43,93,27,56,12,80,7,70,14,21,51,79,41,42,29,89,32,5,36,39,16,71,92,35,44,72,100,90,96,91,87,67
90,83,49,51,21,52,59,55,97,64,99,50,11,13,10,43,26,34,92,25,74,42,3,22,32,54,46,33,98,100,72,40,60,95,24,76,4,62,31,73,17,69,15,5,36,39,16,71,84,88,29,89,20,66,68,45,85,44,8,18,30,63,86,19,58,81,27,56,28,14,38,82,79,87,70,48,75,57,53,2,12,7,80,61,65,9,6,37,94,47,35,23,1,41,93,77,67,78,91,96
76,74,2,53,62,54,23,49,81,4,87,91,96,90,100,72,44,35,92,71,16,39,36,5,32,89,29,88,46,47,78,28,82,38,40,59,55,97,30,18,85,84,25,66,34,63,86,26,83,19,43,93,27,56,12,58,45,20,94,37,6,9,22,57,65,61,31,3,75,48,42,68,79,51,21,52,8,14,70,7,80,60,67,98,95,24,73,17,69,15,33,1,41,10,13,11,50,99,64,77
83,49,51,21,52,59,55,97,64,99,50,11,13,10,43,26,34,92,25,74,79,42,3,22,32,54,46,33,98,100,72,40,60,95,24,76,4,62,31,73,17,69,15,5,36,39,16,71,84,88,29,89,20,66,68,19,86,63,30,18,8,44,85,45,58,81,27,56,82,28,14,70,48,75,57,53,2,12,38,7,80,61,65,9,6,37,94,87,47,35,23,1,41,93,77,67,78,91,96,90
2,53,57,75,48,70,14,28,82,38,7,80,61,65,9,90,96,91,78,94,37,6,100,72,40,39,36,5,15,69,17,73,60,95,24,76,22,41,32,54,84,77,93,83,49,23,1,51,21,44,35,79,52,8,18,30,63,86,66,68,19,58,74,64,99,50,11,13,10,43,26,34,92,25,97,55,59,85,45,20,89,29,88,46,31,33,98,4,62,16,71,67,87,47,3,42,81,27,56,12
60,47,87,95,24,76,84,54,32,41,49,83,67,81,42,3,22,27,56,12,2,31,73,17,100,72,40,69,15,5,36,39,16,71,7,80,61,65,9,6,37,94,93,77,1,23,85,45,68,66,58,19,20,89,29,88,46,79,52,8,18,30,63,86,74,64,10,13,11,50,99,43,26,34,92,25,97,55,59,33,98,4,62,57,75,48,70,14,28,82,38,78,91,96,90,51,21,44,35,53
36,5,15,69,17,73,6,37,94,93,77,91,55,97,64,99,50,11,13,10,43,26,34,92,25,74,68,19,3,42,81,8,52,79,46,89,20,24,95,87,47,51,21,96,90,100,72,33,98,4,62,9,65,61,80,7,38,82,28,14,70,48,75,78,67,18,30,63,86,66,83,49,41,32,54,84,76,45,85,23,1,35,44,60,40,58,59,31,29,88,57,53,2,12,56,27,22,71,16,39
27,22,3,42,81,8,52,79,14,70,48,75,46,88,29,89,20,24,95,87,17,69,15,5,36,39,16,71,72,100,94,33,62,4,98,7,80,61,65,9,6,37,11,50,99,64,93,13,10,43,26,34,92,25,74,58,19,68,66,86,63,30,18,67,83,49,41,32,54,84,76,45,85,23,1,35,44,90,96,91,78,38,82,28,57,53,2,60,40,21,51,47,73,77,97,55,59,31,12,56
73,13,10,43,27,81,42,3,22,35,44,67,58,26,77,97,55,59,31,29,88,57,53,2,12,56,19,68,66,86,63,30,18,34,49,23,1,41,32,54,84,76,24,95,60,40,72,100,90,96,91,78,38,82,20,89,46,47,87,21,51,79,52,8,92,25,74,75,48,70,14,28,45,85,83,93,64,99,50,11,94,37,6,9,65,33,98,4,62,61,80,7,71,16,39,36,5,15,69,17
94,37,6,69,17,73,22,93,83,51,21,44,35,79,64,99,50,11,13,10,43,26,77,67,12,2,53,57,75,48,70,14,28,82,38,78,91,96,90,100,72,40,60,95,24,76,84,54,3,47,87,62,4,98,33,31,46,88,29,89,20,45,85,59,55,97,15,5,36,39,16,71,7,56,52,8,92,25,74,58,19,68,66,86,63,30,18,34,49,23,1,41,32,42,81,27,80,61,65,9
47,87,95,24,20,89,46,79,52,8,81,42,3,22,27,65,33,98,4,62,61,56,12,2,53,57,88,29,31,1,60,40,35,44,90,96,91,78,38,82,58,59,23,85,45,76,84,54,32,41,49,83,66,86,63,30,18,67,75,7,80,9,6,37,94,93,77,99,50,11,13,10,43,26,34,92,25,48,70,14,28,64,97,55,74,68,19,71,16,39,36,5,15,69,17,73,72,100,21,51
6,37,94,77,99,50,11,42,81,8,52,79,46,88,29,89,20,24,95,87,47,51,21,40,60,2,53,57,75,48,70,14,28,82,38,78,91,96,90,44,35,1,23,85,45,76,84,54,32,41,49,83,67,18,30,63,86,66,68,19,58,74,25,92,34,26,43,10,13,93,64,97,55,71,16,39,36,5,15,69,17,73,72,100,3,22,27,65,33,98,4,62,61,56,12,31,59,7,80,9
9,65,61,80,81,98,4,62,31,7,49,76,84,68,42,86,63,30,18,34,93,33,47,83,26,43,10,13,11,50,99,41,79,51,21,87,19,71,16,5,36,39,32,29,88,46,8,52,38,82,1,96,94,78,59,55,97,64,28,14,70,48,75,57,53,2,23,54,45,58,12,56,27,66,25,74,37,91,44,35,22,3,92,20,89,85,90,100,72,40,60,95,24,73,17,67,77,6,69,15
91,96,90,83,49,51,21,52,59,55,97,64,99,50,11,13,10,43,26,34,92,25,74,42,3,22,32,54,84,71,16,39,36,5,15,69,17,73,31,62,4,76,24,95,60,40,72,100,98,33,79,46,88,29,89,20,66,68,44,8,18,30,63,86,19,58,81,27,56,82,28,45,85,14,70,48,75,57,53,2,12,38,7,80,61,65,9,6,37,94,87,47,35,23,1,41,93,77,67,78
26,77,97,55,3,22,35,44,67,58,19,68,66,86,63,30,72,40,60,95,24,76,84,54,49,34,23,1,41,32,42,81,27,56,12,2,53,57,88,29,31,59,18,100,90,96,91,78,38,82,20,89,46,47,87,21,51,79,52,8,92,25,74,75,48,70,14,28,45,85,83,93,64,99,50,11,94,37,6,9,65,33,98,4,62,61,80,7,71,16,39,36,5,15,69,17,73,13,10,43
47,87,95,24,20,89,46,79,52,8,81,42,3,22,27,65,33,98,4,62,61,56,12,2,53,57,88,29,31,59,58,82,38,78,91,96,90,44,35,40,60,1,23,85,45,76,84,54,32,41,49,83,66,86,63,30,18,67,75,7,80,9,6,37,94,93,77,99,50,11,13,10,43,26,34,92,25,48,70,14,28,64,97,55,74,68,19,71,16,39,36,5,15,69,17,73,72,100,21,51
82,38,7,80,61,65,9,6,37,94,5,15,69,17,73,13,10,43,26,77,97,55,59,31,29,88,57,53,2,12,56,27,22,3,42,81,35,44,67,78,91,96,90,45,85,83,49,23,1,41,32,54,93,34,18,30,63,86,66,68,19,58,74,25,92,8,52,47,87,21,51,79,46,89,20,100,64,84,76,24,95,72,40,60,99,50,11,71,16,39,36,62,4,98,33,75,48,70,14,28
82,38,78,91,84,54,10,43,26,77,97,55,59,31,29,88,57,53,2,12,56,27,81,42,32,41,1,23,49,72,40,60,22,3,7,30,18,34,100,90,63,86,66,47,96,67,46,89,20,5,36,58,19,68,87,21,51,79,52,8,92,25,74,75,48,70,14,28,45,85,83,93,64,99,50,11,94,37,6,9,65,33,98,4,62,61,80,71,16,39,15,69,17,73,13,35,44,95,24,76
61,65,55,59,85,45,20,89,29,88,46,79,51,21,87,47,27,81,42,3,22,35,44,67,12,2,53,57,75,48,70,14,28,82,38,78,91,96,58,19,68,66,86,63,30,18,34,49,23,1,41,32,54,84,76,24,95,60,40,72,100,90,74,25,92,8,52,56,7,71,16,39,36,5,15,69,17,73,13,10,43,26,77,97,83,93,94,37,6,9,31,11,50,99,64,62,4,98,33,80
26,77,97,55,3,22,35,44,67,58,19,68,66,86,63,30,72,40,60,95,24,76,84,54,49,34,23,1,41,32,42,81,27,56,12,2,53,57,88,29,31,59,18,100,90,96,91,78,38,82,20,89,46,47,87,21,51,79,52,8,92,25,74,75,48,70,14,28,45,85,83,93,64,99,50,11,94,37,6,9,65,33,98,4,62,61,80,7,71,16,39,36,5,15,69,17,73,13,10,43
23,76,84,68,42,86,63,30,93,51,21,85,19,29,22,3,92,71,16,39,36,5,38,82,32,54,28,14,70,48,75,57,53,2,74,25,66,27,56,12,83,26,43,10,13,11,50,99,64,97,55,59,41,1,52,8,46,88,35,44,91,78,94,37,79,61,80,7,47,87,89,20,4,62,31,81,98,33,49,58,34,18,96,90,100,72,40,60,95,24,73,17,69,15,67,77,6,9,65,45
76,74,2,53,62,54,23,49,81,4,87,91,96,90,100,72,44,35,92,71,16,39,36,5,32,89,29,88,46,47,78,28,82,38,40,59,55,97,30,18,85,84,25,66,34,63,86,26,83,19,43,93,27,56,12,58,45,20,94,37,6,9,22,57,65,61,31,3,75,48,42,68,79,51,21,52,8,14,70,7,80,60,67,98,95,24,73,17,69,15,33,1,41,10,13,11,50,99,64,77
27,22,3,42,81,8,52,79,14,70,48,75,46,88,29,89,20,24,95,87,17,69,15,5,36,39,16,71,72,100,94,33,62,4,98,7,80,61,65,9,6,37,11,50,99,64,93,13,10,43,26,34,92,25,74,58,19,68,66,86,63,30,18,67,83,49,41,32,54,84,76,45,85,23,1,35,44,90,96,91,78,38,82,28,57,53,2,60,40,21,51,47,73,77,97,55,59,31,12,56
82,38,7,80,61,65,9,6,37,94,5,15,69,17,73,13,10,43,26,77,97,55,59,31,29,88,57,53,2,12,56,27,22,3,42,81,35,44,67,78,91,96,90,45,85,83,49,23,1,41,32,54,93,34,18,30,63,86,66,68,19,58,74,25,92,8,52,47,87,21,51,79,46,89,20,100,64,84,76,24,95,72,40,60,99,50,11,71,16,39,36,62,4,98,33,75,48,70,14,28
36,5,15,69,17,73,6,37,94,93,77,91,55,97,64,99,50,11,13,10,43,26,34,92,25,96,21,51,47,87,95,24,20,89,46,79,52,8,81,42,3,19,68,74,90,100,72,33,98,4,62,9,65,61,80,7,38,82,28,14,70,48,75,78,67,18,30,63,86,66,83,49,41,32,54,84,76,45,85,23,1,35,44,60,40,58,59,31,29,88,27,22,12,2,53,57,56,71,16,39
83,18,30,63,86,66,68,19,58,74,25,92,34,93,64,99,50,11,13,10,43,26,77,67,12,2,53,57,75,48,70,14,28,82,38,78,91,96,90,100,72,40,60,95,24,76,84,54,3,47,87,62,4,98,33,31,46,88,29,89,20,45,85,59,55,97,15,5,36,39,16,71,37,6,9,65,61,80,7,94,69,17,73,56,27,22,42,81,8,52,79,51,21,44,35,1,23,32,41,49
47,87,95,24,20,89,46,79,52,8,81,42,3,22,27,65,33,98,4,62,61,56,12,2,53,57,88,29,31,59,58,82,38,78,91,96,90,44,35,40,60,1,23,85,45,76,84,54,32,41,49,83,66,86,63,30,18,67,75,7,80,9,6,37,94,93,77,99,50,11,13,10,43,26,34,92,25,48,70,14,28,64,97,55,74,68,19,71,16,39,36,5,15,69,17,73,72,100,21,51
27,56,12,2,53,57,75,48,70,14,28,82,38,7,80,55,97,43,26,34,92,25,10,64,74,58,79,85,23,1,35,44,21,51,93,77,22,41,32,54,84,30,19,68,66,86,63,76,24,95,60,40,72,100,65,61,59,13,11,50,99,33,98,4,62,31,73,17,69,15,8,52,45,29,89,20,18,5,49,83,36,39,16,71,94,37,6,9,67,87,47,3,88,46,42,78,91,96,90,81
15,69,17,73,13,10,43,26,77,97,55,59,31,27,81,42,3,22,35,44,67,12,23,1,41,32,54,84,76,24,95,60,40,72,100,90,96,91,78,38,82,20,89,29,88,46,47,87,21,51,79,2,49,34,18,30,63,86,66,68,19,58,74,25,92,8,52,56,7,71,53,57,75,48,70,14,28,45,85,83,93,64,99,50,11,94,37,6,9,65,33,98,4,62,61,80,16,39,36,5
36,5,15,69,17,73,6,37,94,93,77,91,55,97,64,99,50,11,13,10,43,26,34,92,25,74,68,19,3,42,81,8,52,79,46,89,20,24,95,87,47,51,21,96,90,100,72,33,98,4,62,9,65,61,80,7,38,82,28,14,70,48,75,78,67,18,30,63,86,66,83,49,41,32,54,84,76,45,85,23,1,35,44,60,40,58,59,31,29,88,57,53,2,12,56,27,22,71,16,39
71,16,39,36,5,66,86,63,30,18,67,78,91,96,90,83,49,41,32,54,84,76,45,85,23,1,35,44,21,51,47,87,100,60,40,72,95,24,20,89,29,88,46,79,52,8,81,42,3,22,27,56,12,2,53,57,31,59,55,26,58,74,25,92,34,19,68,15,69,17,73,77,97,43,10,13,93,64,99,50,11,94,37,6,9,65,61,80,7,98,4,62,33,38,82,28,14,70,48,75
94,37,6,69,17,73,22,93,83,51,21,44,35,79,64,99,50,11,13,10,43,26,77,67,12,2,53,57,75,48,70,14,28,82,38,78,91,96,90,100,72,40,60,95,24,76,84,54,3,47,87,62,4,98,33,31,46,88,29,89,20,45,85,59,55,97,15,5,36,39,16,71,7,56,52,8,92,25,74,58,19,68,66,86,63,30,18,34,49,23,1,41,32,42,81,27,80,61,65,9
95,78,91,96,8,52,70,57,75,44,35,84,3,42,68,14,12,31,49,41,1,23,34,81,27,56,46,88,29,54,32,89,20,45,53,2,90,18,30,63,86,64,99,13,10,43,26,83,65,9,6,85,19,71,16,5,66,25,36,28,17,11,50,93,77,97,55,59,7,80,61,62,4,98,48,21,51,39,82,38,33,58,37,94,100,72,40,60,67,74,79,87,47,15,69,92,76,24,73,22
44,35,53,60,47,87,95,24,76,84,54,32,41,49,83,67,81,42,3,22,27,56,12,2,5,15,69,17,73,31,36,39,16,71,7,80,61,65,9,6,37,94,93,77,1,23,85,45,68,66,58,19,20,89,29,88,46,79,52,8,18,30,63,86,74,64,10,13,11,50,99,43,26,34,92,25,97,55,59,33,98,4,62,57,75,48,70,14,28,82,38,78,91,96,90,100,72,40,51,21
90,83,49,51,21,52,59,55,97,64,99,50,11,13,10,43,26,34,92,25,74,42,3,22,32,54,46,33,98,100,72,40,60,95,24,76,4,62,31,73,17,69,15,5,36,39,16,71,84,88,29,89,20,66,68,45,85,44,8,18,30,63,86,19,58,81,27,56,28,14,38,82,79,87,70,48,75,57,53,2,12,7,80,61,65,9,6,37,94,47,35,23,1,41,93,77,67,78,91,96
27,56,12,2,53,48,58,19,68,66,86,63,90,100,72,40,60,22,3,75,30,18,77,26,43,10,54,84,38,33,62,4,98,7,80,61,65,51,21,46,89,20,45,85,5,36,64,99,50,93,34,97,55,59,31,57,67,96,47,87,79,11,39,16,71,92,25,74,91,78,94,37,6,9,88,29,8,52,83,49,23,1,41,32,42,69,17,73,13,35,44,95,24,76,82,28,14,70,15,81
40,38,82,28,52,8,78,47,46,88,68,10,13,11,50,99,64,77,49,76,74,2,53,62,81,98,4,95,24,73,17,69,15,33,1,58,45,26,83,19,43,93,27,56,12,80,7,70,14,21,51,79,41,42,29,89,39,16,71,92,35,44,72,100,90,96,91,87,67,94,37,6,9,22,3,31,60,54,61,65,57,75,48,23,32,5,36,20,86,63,34,66,25,84,85,18,30,97,55,59
20,94,37,6,9,22,3,31,60,54,45,58,61,65,57,75,48,23,1,33,15,69,17,73,24,95,4,98,81,62,53,2,74,76,49,77,64,99,50,11,13,10,68,88,46,47,78,8,52,28,82,38,40,59,55,97,30,18,85,84,25,66,34,63,86,26,83,19,43,93,27,56,12,80,7,70,14,21,51,79,41,42,29,89,32,5,36,39,16,71,92,35,44,72,100,90,96,91,87,67
77,97,55,59,31,57,53,2,12,56,27,22,3,42,81,32,41,1,23,49,83,46,89,20,45,85,5,18,98,33,80,61,65,30,7,60,40,72,36,34,93,50,99,64,70,48,75,100,90,63,86,66,68,19,58,96,67,51,21,47,87,79,52,8,92,71,14,28,82,38,16,25,74,62,4,91,78,94,37,6,9,88,29,39,11,15,69,17,73,13,35,44,95,24,76,84,54,10,43,26
59,31,12,56,27,22,3,42,81,8,52,79,46,88,29,89,20,24,95,87,47,51,21,40,60,2,53,57,75,48,70,14,28,82,38,78,91,96,90,44,35,1,23,85,45,76,84,54,32,41,49,83,67,18,30,63,86,66,68,19,58,74,25,92,34,26,43,10,13,93,64,99,50,11,37,6,9,65,61,80,7,98,4,62,33,94,100,72,71,16,39,36,5,15,69,17,73,77,97,55
46,72,98,43,26,4,62,48,70,52,8,96,95,17,69,15,58,85,19,71,36,28,50,99,64,49,41,91,22,3,92,68,42,20,89,93,77,97,55,59,7,80,61,21,63,86,66,25,16,5,31,12,14,35,44,11,13,10,83,47,87,79,74,67,84,75,57,56,27,81,94,37,6,9,65,33,38,82,39,51,30,18,34,40,60,73,78,76,24,1,23,90,100,2,53,45,32,54,29,88
73,22,95,78,91,96,8,52,70,57,75,44,35,84,3,17,100,28,36,25,66,5,16,71,19,85,6,9,65,83,26,43,10,13,99,64,86,63,30,18,34,81,27,56,46,88,29,54,32,89,20,45,53,2,90,23,1,41,49,31,12,14,68,42,11,50,93,77,97,55,59,7,80,61,62,4,98,48,21,51,39,82,38,33,58,37,94,40,60,67,74,79,87,47,15,69,72,92,76,24
100,1,41,49,31,12,14,28,36,25,66,5,16,71,19,85,6,9,65,83,26,43,10,13,99,64,86,63,30,18,34,81,27,56,46,88,29,54,32,89,20,45,53,2,90,23,68,42,11,50,93,77,97,55,59,7,80,61,62,4,98,48,39,51,21,82,38,33,58,37,94,40,60,67,74,79,87,47,15,69,72,92,3,84,35,96,8,52,70,57,75,44,91,78,95,22,73,24,76,17
27,56,12,2,53,48,58,19,68,66,86,63,90,100,72,40,60,22,3,75,30,18,77,26,43,10,54,84,76,24,95,44,35,13,73,17,69,42,32,41,1,23,49,83,52,8,29,88,9,6,37,94,78,91,74,25,92,71,16,39,11,79,87,47,96,67,57,31,59,55,97,34,93,50,99,64,36,5,85,45,20,89,46,21,51,65,61,80,7,98,4,62,33,38,82,28,14,70,15,81
47,87,95,24,20,89,46,79,52,8,81,42,3,22,27,65,33,98,4,62,61,56,12,2,53,57,88,29,31,1,60,40,35,44,90,96,91,78,38,82,58,59,23,85,45,76,84,54,32,41,49,83,66,86,63,30,18,67,75,7,80,9,6,37,94,93,77,99,50,11,13,10,43,26,34,92,25,48,70,14,28,64,97,55,74,68,19,71,16,39,36,5,15,69,17,73,72,100,21,51
89,20,45,39,36,85,84,28,14,70,48,75,57,53,2,12,56,27,68,19,76,23,43,26,83,1,41,97,55,59,50,11,13,10,44,35,22,3,88,46,65,61,80,64,32,54,99,31,62,4,91,78,8,52,38,82,25,66,86,63,30,18,34,81,42,93,77,79,7,47,87,21,51,58,49,33,98,96,90,100,72,9,6,37,94,69,17,73,24,95,74,67,60,40,15,5,16,71,92,29
91,96,90,83,49,51,21,52,59,55,97,64,99,50,11,13,10,43,26,34,92,25,74,42,3,22,32,54,84,71,16,39,36,5,15,69,17,73,31,62,4,76,24,95,60,40,72,100,98,33,79,46,88,29,89,20,66,68,45,85,44,8,18,30,63,86,19,58,81,27,56,82,28,14,70,48,75,57,53,2,12,38,7,80,61,65,9,6,37,94,87,47,35,23,1,41,93,77,67,78
56,12,2,53,57,75,48,70,14,28,82,38,7,80,61,65,9,90,96,91,78,94,37,6,100,72,40,39,36,5,15,69,17,73,22,60,95,24,76,84,54,32,77,93,83,49,23,1,41,51,21,44,35,79,52,8,18,30,63,86,66,68,19,58,74,64,99,50,11,13,10,43,26,34,92,25,97,55,59,85,45,20,89,29,88,46,31,33,98,4,62,16,71,67,87,47,3,42,81,27
73,17,69,15,33,1,23,48,75,57,65,61,58,45,54,81,62,53,2,74,76,49,77,64,99,88,85,18,30,97,55,59,40,38,82,28,52,8,78,47,46,68,10,13,11,50,84,25,66,34,63,86,26,83,19,43,93,27,56,12,80,7,70,14,21,51,79,41,42,29,89,32,5,36,39,16,71,92,35,44,72,100,90,96,91,87,67,20,94,37,6,9,22,3,31,60,98,4,95,24
2,53,57,75,48,70,14,28,82,38,7,80,61,65,9,90,96,91,78,94,37,6,100,72,40,39,36,5,15,69,17,73,60,95,24,76,22,41,32,54,84,77,93,83,49,23,1,51,21,44,35,79,52,8,18,30,63,86,66,68,19,58,74,64,99,50,11,13,10,43,26,34,92,25,97,55,59,85,45,20,89,29,88,46,31,33,98,4,62,16,71,67,87,47,3,42,81,27,56,12
6,37,94,77,99,50,11,42,81,8,52,79,46,88,29,89,20,24,95,87,47,51,21,40,60,2,53,57,75,48,70,14,28,82,38,78,91,96,90,44,35,1,23,85,45,76,84,54,32,41,49,83,67,18,30,63,86,66,68,19,58,74,25,92,34,26,43,10,13,93,64,97,55,71,16,39,36,5,15,69,17,73,72,100,3,22,27,65,33,98,4,62,61,56,12,31,59,7,80,9
55,59,31,29,88,57,53,2,12,56,27,22,3,42,81,8,52,79,46,89,20,24,95,87,47,51,21,96,100,72,40,60,91,78,90,44,35,1,23,85,45,76,84,54,32,41,49,83,67,18,30,63,86,66,68,19,58,74,26,43,10,13,93,64,99,50,11,94,37,6,9,65,61,80,34,92,25,48,70,14,28,7,38,33,98,4,62,82,75,71,16,39,36,5,15,69,17,73,77,97
69,17,73,13,35,44,95,24,76,82,38,52,8,9,6,37,94,78,91,87,79,84,54,10,43,26,77,97,55,59,31,29,88,57,53,2,12,56,27,81,42,32,41,1,23,49,83,48,72,40,60,22,3,75,7,30,65,33,98,61,80,18,34,93,50,99,64,100,90,63,86,66,62,11,47,96,67,51,21,46,89,20,45,85,5,36,58,19,68,4,70,14,28,74,25,92,71,16,39,15
36,25,99,50,11,13,10,43,26,34,92,64,97,55,91,77,93,94,37,6,9,65,61,80,7,38,82,28,14,70,48,75,78,67,18,30,63,86,66,83,49,41,32,54,84,76,45,85,23,1,35,44,60,40,58,59,31,29,88,57,53,2,12,56,27,22,3,42,81,8,52,79,46,89,20,24,95,87,47,51,21,96,90,100,72,33,98,4,62,73,17,69,15,5,74,68,19,71,16,39
70,67,100,90,63,86,66,68,19,58,48,83,49,23,1,41,32,42,81,27,56,12,2,53,57,31,59,55,97,77,26,43,10,54,84,76,24,95,44,35,13,73,17,69,15,96,47,87,79,11,39,16,71,92,25,74,62,4,91,78,94,37,6,9,88,29,8,52,38,82,72,40,60,22,3,75,7,80,61,98,33,65,30,18,34,93,50,99,64,36,5,85,45,20,89,46,21,51,28,14
46,18,93,77,97,55,59,7,80,61,21,63,86,66,25,16,5,31,12,14,35,44,11,13,10,83,47,87,79,74,67,84,75,57,56,27,81,94,37,6,9,65,33,38,82,39,51,30,89,20,42,68,92,3,22,91,41,49,64,99,50,28,36,71,19,85,58,15,69,17,95,96,8,52,70,48,62,4,26,43,98,72,34,40,60,73,78,76,24,1,23,90,100,2,53,45,32,54,29,88
73,13,10,43,27,81,42,3,22,35,44,67,58,26,77,97,55,59,31,29,88,57,53,2,12,56,19,68,66,86,63,30,18,34,49,23,1,41,32,54,84,76,24,95,60,40,72,100,90,96,91,78,38,82,20,89,46,47,87,21,51,79,52,8,92,25,74,75,48,70,14,28,45,85,83,93,64,99,50,11,94,37,6,9,65,33,98,4,62,61,80,7,71,16,39,36,5,15,69,17
49,77,64,99,50,11,20,89,29,88,45,58,12,56,27,93,43,19,83,26,86,63,34,66,25,84,85,18,30,97,55,59,40,38,82,28,52,8,78,47,13,10,68,46,80,7,70,14,21,51,79,41,42,32,5,36,39,16,71,92,35,44,72,100,90,96,91,87,67,94,37,6,9,75,57,65,61,54,60,31,3,22,48,23,1,33,15,69,17,73,24,95,4,98,81,62,53,2,74,76
9,65,61,80,81,98,4,62,31,7,49,76,84,68,42,86,63,30,18,34,93,33,47,83,26,43,10,13,11,50,99,41,79,51,21,87,19,71,16,5,36,39,32,29,88,46,8,52,38,82,1,96,94,78,59,55,97,64,28,14,70,48,75,57,53,2,23,54,45,58,12,56,27,66,25,74,37,91,44,35,22,3,92,20,89,85,90,100,72,40,60,95,24,73,17,67,77,6,69,15
55,59,31,29,88,57,53,2,12,56,27,22,3,42,81,8,52,79,46,89,20,24,95,87,47,51,21,96,100,72,40,60,91,78,90,44,35,1,23,85,45,76,84,54,32,41,49,83,67,18,30,63,86,66,68,19,58,74,26,43,10,13,93,64,99,50,11,94,37,6,9,65,61,80,34,92,25,48,70,14,28,7,38,33,98,4,62,82,75,71,16,39,36,5,15,69,17,73,77,97
