"V1","V2"
2.77555756156289e-17,1.00466413379489
0.851685723619412,-0.77104565668942
2.77555756156289e-17,1.00466413379489
0.823343396305939,-0.456148157068907
0.652507688729363,-0.455702314748508
0.453866787320869,-0.121369879394205
0.618394521066603,-0.121571873967974
0.409318455922521,0.24505068742889
0.257832142700342,0.245366022699729
0.0830128828001222,0.673327645115565
0.182176201868919,0.673325674128325
0.432836117092558,-0.0264413598688343
0.428022937973626,0.0186617589879353
0.0462735125171326,0.74277009382296
0.0205813850448656,0.848123803485038
0.834219734763357,-0.644806095628286
0.426245928724903,0.0370530624992424
0.423031852184146,0.0724160822342348
0.436055549838618,-0.0523461499886376
0.421537898945591,0.0896864266761741
0.20740125810333,0.500112247137933
0.0340725960234629,0.789414239202875
0.835920491917371,-0.667426345954007
0.634394627401264,-0.353568841694453
0.200839440220611,0.549885117926912
0.824851852484042,-0.486405334238505
0.0261659986620368,0.823027872679575
0.227351703180214,0.354266737869275
0.837604799690401,-0.687773928860517
0.0571953892956653,0.708892119159619
0.630967982766345,-0.313249462913412
0.624800892796265,-0.226868786420608
0.628835679079345,-0.285274997965772
0.413600580044671,0.188403381285328
0.839391136029882,-0.707055482680593
0.444030971277242,-0.0997330960489603
0.0667037403988301,0.687748002786476
0.21575333956935,0.436332761771947
0.224935764900813,0.370276572273148
0.624065418355315,-0.215509846336208
0.21575333956935,0.436332761771947
0.204128771093627,0.525121779212722
0.210058985919155,0.479713274825155
0.621617432133404,-0.176273530176158
0.211434115287091,0.469160359863645
0.626833192255732,-0.257142996051745
0.418971540749943,0.120438017588435
0.8319999182386,-0.612277905251223
0.622135976752313,-0.18476270725411
0.220016979687198,0.404816677014936
0.453866787320869,-0.121369879394205
0.233715895782139,0.316302597074145
0.197465377382381,0.57468336859675
0.823343396305939,-0.456148157068907
0.629958924525082,-0.300277553778628
0.652507688729363,-0.455702314748508
0.826989580234825,-0.527201525779303
0.193663263387286,0.60157683778841
0.618857213886452,-0.129618372870845
0.841412071614261,-0.72593281075842
0.830517884683287,-0.588739968263147
0.000681735726732691,0.978121079750769
0.00317875808128969,0.947474795121314
0.848808017612341,-0.767203149514298
0.62719025234502,-0.26229148439881
0.0155528342192782,0.872014226899378
0.825494349983884,-0.498929526580533
0.636257503085063,-0.372945201612666
0.0543455592286466,0.71683971246994
0.197465377382381,0.57468336859675
0.00690848572279074,0.919509905296704
0.0309377432258143,0.802478698263826
0.239154964313909,0.288801716489928
0.246213660854031,0.262562669864955
0.829070224843475,-0.564400923799001
0.222663869903007,0.385936899651485
2.77555756156289e-17,1.00466413379489
0.040720373405823,0.763065279641501
0.439075793852857,-0.073226648718544
0.844569665960975,-0.74899146556705
0.41026618322036,0.232367729789655
0.040720373405823,0.763065279641501
0.620167136945197,-0.152051615489294
0.411916232852478,0.210481814883158
0.230848409924245,0.332492514064021
0.41508041339907,0.169267995985268
0.0155528342192782,0.872014226899378
0.827403491423523,-0.534800241232135
0.640660878367664,-0.411114340864608
0.0667037403988301,0.687748002786476
0.23811531024224,0.29357267996498
0.188166992187313,0.637937722185634
0.193663263387286,0.60157683778841
0.644293776383378,-0.434070752123502
0.637956792009351,-0.388974163095633
0.0115353878302761,0.89257869570853
0.844569665960975,-0.74899146556705
0.620167136945197,-0.152051615489294
0.18453141767321,0.659987518258798
0.190808128921773,0.620884684972038
